size_w,size_h,ch,aspect_ratio,mean_value_b,mean_value_g,mean_value_r,median_value_b,median_value_g,median_value_r,std_deviation_b,std_deviation_g,std_deviation_r,contrast,brightness,hog_features_mean,hog_features_median,hog_features_std,hog_features_len,h_mean,h_median,h_std,s_mean,s_median,s_std,v_mean,v_median,v_std,n_objects,area,area_mean,area_std,vert,vert_mean,vert_std,color_mean,color_std,corners,lines,faces,has_text,filesize,depth,sharpness,gradient,texture_energy,texture_contrast,color_balance,focus_score,filename
3470,5206,3,1.5002881844380402,180.12619588791918,175.9559521213054,160.37609004684242,182.0,181.0,168.0,64.33418621871483,61.15976449759539,59.04325888258085,60.09168110256219,171.772402769582,0.0315621079584047,0.0372113518162044,0.0159056435337029,2251600,81.16000585668719,99.0,32.74739788634826,44.139476175240056,38.0,28.469392532512572,186.26489691012696,190.0,62.42235144359204,9587,13787785.0,1438.1751329925942,118432.29420692072,42602,4.443725878794201,3.596040932786985,129.85108836117726,16.851305949256922,100,73596,3,9765333.5,9818857,uint8,78.45821464038944,1945.808739306564,0.0010485944098645,0.0,61.51240319963036,1945.808739306564,IMG_6673.jpg
5225,3483,3,0.6666028708133971,142.54801357791158,144.02393635800408,146.49139269754528,143.0,134.0,146.0,65.10968750529398,54.53791676642119,60.104060283221735,53.41205838255458,144.60017171579798,0.0325968090688747,0.0363562675405438,0.0118370458827193,2272440,61.48687352238556,80.0,47.26868064577735,81.46771339122216,68.0,63.85937487957179,170.05861959730584,171.0,50.811220361581526,31059,13015892.0,419.0698992240575,68544.09826500827,81573,2.6263884864290543,2.7658590417191213,130.46380223580124,26.101172277253585,100,50155,1,3599123.0,12096235,uint8,167.11857857783602,1277.699445591506,0.0021837418803676,0.0,59.917221518312296,1277.699445591506,IMG_6883.jpg
3954,5923,3,1.497976732422863,89.18053230929965,80.35994640715006,85.3141782618977,84.0,77.0,83.0,66.15895118840157,60.73476221154817,64.6866741041374,61.705795661398135,82.84618644549069,0.0336143475578234,0.0364418669987128,0.0103033311953313,2924480,97.28126549187,112.0,49.10178387892047,93.0868317151548,67.0,69.56776741267322,99.2294628135768,99.0,68.80039770081129,38125,7016537.5,184.04032786885247,14912.612010556588,107793,2.8273573770491804,2.8844213159695222,134.0534492060457,18.002032750181513,100,83249,1,11632380.0,14407769,uint8,225.336435742424,1507.8159644624989,0.0012988961599822,0.0,63.86012916802904,1507.8159644624989,Таня_Браславская_семья_НГ_2022_7.jpg
2666,4007,3,1.5030007501875469,124.19516390203115,145.3506581037573,151.0228131340297,141.0,158.0,173.0,77.80250931066392,62.175447676200015,69.86424438725169,62.11175302297086,144.63961857072704,0.0341411705191135,0.0363612506882367,0.0091858845567137,1332000,50.63423966797789,22.0,45.99442166034158,92.34565317146608,65.0,81.8024356096441,164.5917697293053,179.0,62.70012118741653,8956,8594267.0,959.6099821348816,80496.77562644346,26953,3.009490844126842,2.985490318667848,118.58257539428776,52.03704237891829,100,66173,3,8894408.0,10673550,uint8,441.3180570535696,6685.537053217634,0.0002272838741012,0.0,69.94740045803854,6685.537053217634,016.jpg
3784,5668,3,1.4978858350951374,41.24809961081164,44.67239988116215,49.254994798512776,28.0,27.0,26.0,47.0989807539155,48.27127491907612,54.32809501378917,49.219628446531885,45.66774092266812,0.0338996215814453,0.0367515983446897,0.0099396327992895,2679072,62.6456060674444,36.0,53.610548522934,95.4073472265946,98.0,57.759751439192925,54.06455821488092,34.0,55.946054949618784,5949,1776069.5,298.5492519751219,13680.021228492187,18199,3.059169608337536,2.991363494327746,128.34820008302066,26.316491912586716,100,25365,6,3367348.5,10445222,uint8,70.56709503559168,1195.4747751182038,0.0013062670455715,0.0,49.89945022892692,1195.4747751182038,Таня_Браславская_семья_НГ_2022_6.jpg
3648,5472,3,1.5,158.79032570919256,147.72576147227994,142.60053684386864,175.0,154.0,150.0,56.703566166762265,56.945830284899984,66.60064746152864,58.607613853490406,147.44862847422604,0.0340303250599772,0.0368870783260715,0.0095883771217266,2495232,99.6352896243716,103.0,45.1504291734888,53.55369109966528,39.0,48.94774203030155,164.89972390342862,180.0,56.92335576883533,11888,11918433.5,1002.5600185060564,108643.91166737476,27810,2.339333781965007,2.438253757624657,131.28053482537234,17.05258508073487,100,1138,2,10570012.5,10077674,uint8,69.40723026957012,385.5766363608674,0.0005971269118074,0.0,60.08334797106363,385.5766363608674,IMG_6896.jpg
5760,3840,3,0.6666666666666666,78.76826443142362,133.24335404007522,166.9864670138889,74.0,133.0,175.0,56.67475952618979,50.636541925667935,55.71644299724986,50.58350772215315,137.13120677806714,0.0345310958346476,0.0363281306352699,0.0075896916932458,2764800,24.21849292896412,20.0,24.654763898895965,139.57463478370948,146.0,73.16554292920887,167.6128343822338,175.0,54.8025722791709,47874,13184741.5,275.4050528470569,47309.11094018011,139397,2.9117475038643104,2.955541305042385,113.86350778054997,52.45471484979095,100,41320,1,11737691.0,14806490,uint8,251.18192070855036,1527.5295551215277,0.0002794555064726,0.0,54.342581483035865,1527.5295551215277,ясно_поле-1162.jpg
6016,4016,3,0.6675531914893617,52.56594147843467,48.69243707517006,76.43190428114669,36.0,31.0,74.0,44.11345612527726,50.61877861075032,51.272063428163605,46.5867577776493,57.43115015006463,0.033965732894637,0.0366928939544735,0.0096567521508732,3020032,98.84094282775813,107.0,65.12311358065922,131.2058431417283,119.0,95.38714122295814,80.1995036807557,76.0,50.29207306214597,22132,2641559.0,119.35473522501356,6461.937546007291,81748,3.6936562443520695,3.881496171713658,129.20772845090025,17.41698439109385,100,49609,6,7066943.5,14668685,uint8,229.52217464086476,1690.0368815628444,0.0009765111817544,0.0,48.66809938806373,1690.0368815628444,НГ_2021_Таня_Браславская_9.jpg
778,549,3,0.705655526992288,75.99610415759432,118.15126357340526,133.67500620431633,73.0,122.0,133.0,28.800267772776607,44.74652610299535,36.959687790204754,37.61077343762499,117.99075908054373,0.0313140573706667,0.0370329386100539,0.0164143172353742,52768,39.94852290446289,27.0,44.76280758675994,121.23051961734586,122.0,38.7941207010976,136.61802716788176,137.0,38.046853212842,946,179730.0,189.9894291754757,4511.012445001458,3235,3.419661733615222,3.5569059011439657,125.45477843073668,33.383014499642,100,1528,1,238320.5,118394,uint8,966.5261049536198,4920.439949241669,0.0006006037037063,0.0,36.8354938886589,4920.439949241669,2015-06-05 23-46-43.JPG
3648,5472,3,1.5,174.21416685903355,170.25766957741806,155.62325837837923,176.0,166.0,160.0,60.36322283824044,59.36749452874392,64.36978215030395,58.91534302444548,166.33541986276225,0.0329701496067736,0.036616349846359,0.0124523955123523,2495232,74.73470658239394,95.0,40.27648583205282,57.58655427631579,46.0,46.66409315670051,184.38887661548105,187.0,57.08098996651732,22119,14841832.0,670.9992314299923,60858.31174053717,64581,2.9197070391970703,3.1557903289192226,131.60290397290754,28.470500876476617,100,71129,6,9237940.5,13369951,uint8,164.77606265669883,1365.026292444951,0.0009352978642078,0.0,61.36683317242944,1365.026292444951,IMG_6704.jpg
4016,6016,3,1.49800796812749,45.80326375680787,56.90206697313141,71.16795790574405,36.0,50.0,65.0,37.59387731901771,40.24735432217482,50.6703244913995,42.25614450703609,59.92273819449595,0.0347221886612467,0.0364467370967626,0.0066598091573856,3020032,40.64961261172067,14.0,50.410819864856464,103.95327541231352,111.0,61.684211465685,72.93705166037975,65.0,49.1003718712883,7523,1684935.5,223.9712215871328,10272.69006914039,18030,2.396650272497674,2.4570319344160456,124.27645680205993,34.07451424521693,100,1923,1,8246420.0,12401868,uint8,107.0490289920769,622.8761289615475,0.0006345671953523,0.0,42.83718537753068,622.8761289615475,Таня_Браславская_семья_НГ_2022_4.jpg
2629,3951,3,1.502852795739825,174.8499033279392,179.4359715953677,182.6472612053764,196.0,194.0,203.0,62.13878041456133,54.39206086369874,60.0156511752401,55.1231981864312,179.87829939197158,0.0342867512720877,0.0363173985088962,0.0086266266130054,1293632,70.82268929802788,75.0,61.496768639451055,42.93877789147564,15.0,57.57189898526281,191.35267044112743,207.0,52.38515850887993,244,10345394.0,42399.15573770492,660931.5897705103,575,2.3565573770491803,2.187875970685111,127.406903258154,13.789720743969696,100,45093,7,10339857.0,9220127,uint8,313.2866058243533,3962.897340846827,0.0005824997410447,0.0,58.8488308178334,3962.897340846827,001.jpg
4016,6016,3,1.49800796812749,46.66871638280654,49.3768051547136,59.633733930633845,26.0,29.0,37.0,52.29086676850578,51.8933230478373,58.224945898118165,53.41943690854048,52.143665572086654,0.0343436749184622,0.0365833274091621,0.0082266387777416,3020032,43.82895334387185,11.0,62.02168988886049,77.55277680004716,64.0,53.37960995580683,60.64041875218541,37.0,59.33293666690336,11455,3169289.0,276.6729812309036,15475.73344988724,30519,2.6642514185945,2.7343413318507204,129.21508056011862,22.86911321184429,100,27582,3,4656035.0,12135138,uint8,106.832551939847,801.2906970853289,0.0009900873789913,0.0,54.13637857148708,801.2906970853289,Таня_Браславская_семья_НГ_2022_5.jpg
3266,4899,3,1.5,67.69978651428794,101.37780708586564,131.7234708784314,53.0,111.0,169.0,45.33476117927204,56.64801182534136,77.64420203030204,60.15181642758147,106.6206271772474,0.0252963211155097,0.0202859014415054,0.0245125460022741,1997568,32.25401718510607,16.0,33.65241669781904,118.62016836858992,117.0,47.85882890852688,134.35787312781255,169.0,74.42194558820772,1989,8084438.0,4064.574157868276,162697.29317083163,11298,5.680241327300151,3.559635835606387,121.95723609137823,50.26746890779549,100,39784,4,9253683.5,785675,uint8,33.63695697798531,1300.2352815295171,0.0012713969037913,0.0,59.87565834497182,1300.2352815295171,IMG-164.jpg
3840,5760,3,1.5,114.3381787109375,127.0970841019242,160.382295916522,130.0,143.0,178.0,46.41275230086968,50.80417101493766,57.903378480897366,52.04039261426965,135.60466471354167,0.0300880988679037,0.0384717729335531,0.0185568172574813,2764800,16.084409722222222,9.0,34.3063441198589,76.7857140661169,69.0,28.823218419567983,160.41718388310184,178.0,57.87842055837078,4225,13064426.0,3092.1718343195266,125627.02914662716,12841,3.0392899408284024,2.835091928205874,129.34276076968916,15.897716756722373,100,10131,2,13197203.5,5131791,uint8,10.449468768084492,292.3827736183449,0.0018710582212235,0.0,51.70676726556823,292.3827736183449,7S9A4744.JPG
6720,4480,3,0.6666666666666666,81.11639173442815,95.9149316738414,125.359221008716,78.0,102.0,134.0,56.81282959318354,63.81771425897069,63.80638806094485,60.18381057995506,103.03895149075257,0.0279782340759801,0.0349457967862718,0.0213369591002968,3763200,36.42597274261267,16.0,50.91446262109332,98.47423260124364,80.0,67.58950144232195,126.0970610783376,134.0,63.20057499648089,4649,11779923.0,2533.861690686169,68811.82636117408,18546,3.9892449989245,3.432270721841689,126.06187292173357,22.189652906391306,100,15609,5,15935864.0,7557434,uint8,12.80664763366284,571.1681590800383,0.0011469267002079,0.0,61.47897730436636,571.1681590800383,18 - 2B9A6396.JPG
3840,5760,3,1.5,136.82675790292245,177.86105541087963,191.9822624150029,146.0,198.0,211.0,59.63471700007594,54.69107533421308,51.99254649332109,53.30289015411573,177.40293479636864,0.0331414077158601,0.0368291924553581,0.0123145074629496,2764800,25.88181134259259,25.0,20.23819970894287,82.61855617947049,74.0,49.64738740772692,192.7623513454861,211.0,51.27505413516312,763,21998885.0,28832.090432503275,795679.9583410912,2037,2.669724770642202,2.879122354761124,117.1234980257132,30.922295235634586,100,103724,7,17607288.5,15396749,uint8,276.5269100387008,4949.452113715278,0.0005656450829733,0.0,55.43944627587004,4949.452113715278,ясно_поле-1429.jpg
3667,5493,3,1.4979547313880557,76.70232883351898,84.61719735423486,94.2640573214361,63.0,73.0,84.0,55.634512512252925,57.909257486481046,63.73693382968276,58.93513159654753,86.62523644268276,0.0344448560793986,0.0364288441967509,0.007971694342601,2513504,42.16397119153708,15.0,49.579784241739794,68.48244454813725,51.0,50.32813124182273,96.09402466813133,85.0,62.38195705551297,31893,5938346.0,186.19590505753607,23936.75995758116,97787,3.0660960085285174,3.033331436264944,127.55121865571628,14.24244307455478,100,39340,3,10575502.5,11310717,uint8,146.11697883976686,1431.0012273845716,0.0003810693032461,0.0,59.09356794280558,1431.0012273845716,Таня_Браславская_семья_НГ_2022_1.jpg
3648,5472,3,1.5,153.9555299867908,150.88215920403394,144.18838062953665,150.0,148.0,152.0,57.259125154501845,54.0773206819706,51.674050560136045,52.209782073606526,149.2265531321336,0.034143103088497,0.0367002876083844,0.0091773887980247,2495232,73.74397055063417,97.0,43.31801441133452,49.71827213862278,47.0,30.555624594493075,165.07486162609328,165.0,56.36665906011329,22934,13440306.5,586.0428403244092,86545.8980972902,60583,2.6416237900061046,2.842233300393374,130.34240399124965,15.364683207724475,100,18298,2,9866003.0,11901317,uint8,123.259592394615,671.1072356197741,0.0004741897469249,0.0,54.33683213220283,671.1072356197741,IMG_6715.jpg
2775,4170,3,1.502702702702703,152.4428600687018,165.44173163091148,174.03298671333204,168.0,177.0,192.0,68.421183597657,55.64408313249868,60.39378619581549,55.78672070246779,166.5373498390477,0.0342313083054256,0.0363519224062123,0.0088440675715473,1442128,60.93337619634023,22.0,54.84146632978979,62.67885834035474,34.0,64.20616953349536,183.0208130144533,197.0,55.833656845556426,3670,10185995.0,2775.475476839237,166805.34356865866,12579,3.4275204359673026,3.238150497954432,123.48579946432692,35.95525211412728,100,53075,4,10599910.5,10850294,uint8,365.44615161924514,5165.380777324087,0.0003848951506502,0.0,61.48635097532373,5165.380777324087,011.jpg
6720,4480,3,0.6666666666666666,106.97041483976405,113.99451218377976,156.46149085220026,100.0,117.0,174.0,75.4464857708181,76.98347785879321,64.9874555273592,69.01396422564405,125.89402556335034,0.0281542313020758,0.0353669099056501,0.0212521826319131,3763200,58.51410896975978,18.0,67.58840111919947,95.30654107541454,75.0,77.53712388094972,157.7493385948129,175.0,64.98955428734972,3838,16553643.0,4313.090932777488,197907.41224358664,16644,4.336633663366337,3.1700571692335684,128.8293587678074,29.42139879571777,100,38539,3,16771168.5,8623938,uint8,21.88585316353104,906.0471785315688,0.001066256776159,0.0,72.47247305232351,906.0471785315688,112 - 2B9A6492.JPG
3936,5896,3,1.4979674796747968,77.14171085226583,83.03919513436145,90.6298593817222,54.0,64.0,79.0,73.79852845529702,71.65889785090481,75.56815151928505,72.41377957627681,84.63859131621548,0.0342562378586812,0.036464621019442,0.0086499131060839,2900832,48.62771822877023,24.0,49.0886438174833,82.28683132977022,70.0,57.803104005386025,95.25827042896658,81.0,75.79690848109337,19622,5566941.5,283.7091784731424,35279.29879912488,59510,3.0328203037406998,3.1778946743765104,129.53661302107722,21.55693733791205,100,18561,3,6219216.0,12948006,uint8,137.4807433263974,1080.569122324216,0.0004975005269526,0.0,73.67519260849564,1080.569122324216,Таня_Браславская_семья_НГ_2022_2.jpg
3840,5760,3,1.5,42.30984908492477,61.83620433666088,58.264583921079286,25.0,51.0,43.0,43.17781518837842,41.18923616389649,44.17056352984015,41.561853198604425,58.539082528573495,0.0288949743586012,0.0379440433429701,0.0203735234082326,2764800,41.12537082248264,40.0,20.36921317129085,113.31131008572048,127.0,58.627701821218814,65.3024528446904,53.0,44.65133104228314,2161,2150249.0,995.0249884312818,22287.763017681325,8629,3.993058769088385,3.3344288106868207,125.7414207003418,17.830597564211054,100,4822,2,4964144.0,5404713,uint8,8.31611730504919,374.4176711697049,0.0022113226489317,0.0,42.84587162737168,374.4176711697049,7S9A4582.JPG
3882,5815,3,1.497939206594539,56.42703090259828,68.01698799007524,82.61403492451214,36.0,54.0,74.0,54.895705672840734,55.62827304245445,63.25886391211279,57.02932524315319,71.06520639164908,0.0342780997520502,0.036586767539388,0.0086605298254125,2816880,35.519248616650344,14.0,43.31247343682964,102.5660669013632,112.0,60.85958610341745,84.4861362471499,74.0,61.567947698348846,21252,2831302.5,133.22522586109542,14961.894230751685,63667,2.995812158855637,2.7953659058902764,125.15969085531368,29.5349258490748,100,47787,1,4733403.0,12562676,uint8,123.48321153300084,1436.782507088961,0.0005747327701683,0.0,57.92761420913599,1436.782507088961,Таня_Браславская_семья_НГ_2022_3.jpg
5760,3840,3,0.6666666666666666,81.93484298140915,76.20923217773438,93.3850215657552,71.0,67.0,85.0,46.061986143730245,40.71582123360091,43.81990768096544,41.338221431303246,81.99778749819156,0.0317868291059836,0.0387169320594206,0.0154666648143337,2764800,111.436854474103,143.0,67.04386091363365,66.21709382233796,50.0,42.42796800966977,96.9161488172743,90.0,45.035178807627126,2996,4266415.5,1424.0372162883846,61357.94908074036,9731,3.247997329773031,3.0697682807865445,132.2321699194342,15.142772912285997,100,0,4,8860035.5,5587202,uint8,8.252071578414352,191.77067843967012,0.0013219403491558,0.0,43.53257168609887,191.77067843967012,7S9A4795.JPG
4898,3265,3,0.666598611678236,88.11397563902383,103.91204341929104,142.78154067322538,81.0,118.0,176.0,52.40559444445384,58.74088507433554,72.91840931400873,61.362674384173495,113.7472303912526,0.0204408621241126,0.0051624694196158,0.0251877091028053,1997568,34.797012313054616,11.0,59.30809717931187,96.05620971024832,83.0,41.22270442751329,142.83419703763826,176.0,72.86064916614522,4179,8266202.0,1978.033500837521,70894.08813723523,13049,3.122517348648002,2.638699560673496,123.99839829685072,41.48341779409938,100,49034,3,8933969.0,667604,uint8,88.39014736771017,1309.425858852912,0.0053356657760171,0.0,61.35496294426604,1309.425858852912,IMG-176.jpg
3648,5472,3,1.5,173.8430634405939,170.70270605098042,157.5906673708096,177.0,173.0,162.0,68.23457169563751,66.21162007593328,62.75925085365358,64.45018962818726,167.1451782840233,0.031573424901125,0.0367026709687858,0.0145803132452318,2495232,75.30673615719901,93.0,37.76611976442931,44.14532130679632,37.0,31.94114990353347,180.68934116146315,187.0,65.63178688546326,18971,14316261.0,754.6392388382268,94659.98005043095,76278,4.020768541458015,3.6978683038835016,129.03042770344595,13.93616173915878,100,81253,5,10264761.0,12438829,uint8,173.82028404573202,2448.0531157022674,0.0021722635103212,0.0,65.73514754174145,2448.0531157022674,IMG_6688.jpg
778,518,3,0.6658097686375322,89.01199243679963,121.88094659110084,141.5364760647537,71.0,125.0,140.0,57.63410264156943,62.33536271277229,58.79520657223631,56.0499546063672,124.00815872795307,0.0319920655942685,0.0367841435518366,0.0150501740310264,49664,43.99777421564054,29.0,48.62614944054258,112.67931831942114,111.0,57.30213911366518,144.2685531657254,145.0,59.48764051857912,1071,194114.5,181.24603174603172,4724.931138464477,3303,3.0840336134453783,3.3367541235512594,122.57120406996664,33.49405027347334,100,10860,6,217484.5,168703,uint8,2934.814947246181,14650.893663586465,0.0001958624147185,0.0,59.588223975526006,14650.893663586465,2015-06-05 23-46-37.JPG
5760,3840,3,0.6666666666666666,139.49420654296875,153.78846281828703,163.87917064525462,121.0,132.0,142.0,71.96917538129203,76.82719819959895,76.65622598150732,75.95173154978929,155.1995177770544,0.0240872615392807,0.0224475338275377,0.0226707419428128,2764800,24.239047218605325,19.0,25.806475402637545,43.80574978298611,35.0,34.4530794826046,164.0886792896412,143.0,76.50644297048841,2556,12912296.0,5051.758998435055,244767.5425337945,7932,3.103286384976526,2.9057126558702304,127.60729833448504,8.133351194872425,100,7238,1,8854928.0,4417313,uint8,7.11571130823206,291.21003427011,0.0085039493277347,0.0,75.15086652079943,291.21003427011,7S9A4686.JPG
3667,5500,3,1.4998636487592036,102.8567801770087,113.2346810620522,119.60644842204428,101.0,128.0,142.0,62.55914359614448,61.15326728117993,63.93080299160027,61.38840821811639,113.95629516324962,0.0345171379380715,0.0363493313532251,0.0076529202336738,2517168,58.135810595730966,24.0,47.55476691872625,64.12403664129707,64.0,41.92384170968335,125.59809752832388,145.0,65.04105703881578,22083,12159063.5,550.6074129420822,62980.7879200402,61273,2.7746682968799528,2.8645298705245845,123.55441382768544,22.31238850099937,100,29711,2,14199773.5,7301282,uint8,167.0998845724769,1203.5287648560875,0.0002972809399294,0.0,62.54773795630823,1203.5287648560875,IMG_2099.jpg
5760,3840,3,0.6666666666666666,116.57150847258391,131.62858873155383,142.4452500180845,109.0,118.0,127.0,61.99585284642124,68.85596762157851,71.0651884896882,68.42386584151123,133.1632250072338,0.0273667981097598,0.0353553390538031,0.0212616232758922,2764800,23.810491084346065,18.0,24.226120465978727,51.99873254846644,45.0,36.025703977083715,142.91006388346355,128.0,70.92402411675066,3760,10356779.0,2754.4625,154143.23697795527,13033,3.4662234042553197,3.117116028169189,128.22725778874155,8.98314052560445,100,11827,1,6440823.5,4994471,uint8,10.148431803385416,307.70302490234377,0.0018406241107337,0.0,67.30566965256264,307.70302490234377,7S9A4678.JPG
3973,2644,3,0.6654920714825069,143.62240594892987,170.0890410802417,184.97037996262972,159.0,182.0,195.0,64.87006428356364,48.84955277301364,48.18450156815388,48.06012273405066,171.52627864789295,0.034695494611145,0.0362915977746881,0.0067987243831817,1309440,34.028823244494895,18.0,33.909101838936934,71.37562701030747,45.0,69.67819086208152,190.3736560664973,199.0,43.82240986251097,1841,10135275.5,5505.309885931559,235635.85256926125,5314,2.88647474198805,2.7672007341013853,121.12720318356207,19.716494157798813,100,61107,1,10068418.5,9992173,uint8,305.4915176305417,1995.7063061443869,0.0003341629559259,0.0,53.96803954157705,1995.7063061443869,114.jpg
5760,3840,3,0.6666666666666666,85.68419225622107,113.15301653826678,119.30669614438658,86.0,121.0,137.0,57.96614074133781,51.79154385751011,58.482846501178,53.291374942336894,111.8551798502604,0.0284110024930962,0.0353553390538031,0.0210342287502144,2764800,31.752492404513887,26.0,23.542123786236413,97.1662302879051,99.0,59.03903549961082,123.53088627567998,139.0,55.680626730498055,2688,11099067.5,4129.117373511905,200398.30716026304,11210,4.170386904761905,3.2714472504091314,123.84655170507628,26.041070972250072,100,48588,5,13730248.0,6081520,uint8,32.93815072518808,1409.048205114294,0.0011084129970399,0.0,56.080177033341975,1409.048205114294,7S9A4491.JPG
5760,3840,3,0.6666666666666666,85.98528058087385,141.0029293258102,159.33326095015914,73.0,143.0,163.0,59.51608391461579,53.159610471538656,55.01327880688587,52.67335556786723,140.2139486581308,0.0342103856184844,0.0364128649562099,0.008924657716227,2764800,26.421751166449653,23.0,23.11571002329776,128.82026263201678,131.0,59.686693877171344,160.02307924623844,163.0,54.80945021699392,25957,14297807.0,550.8266363601341,74461.7901121375,65142,2.509612050699233,2.5138737570638177,114.79791630898114,39.539816460174606,100,61914,1,12529460.0,14887925,uint8,228.11384250217012,1802.8480752676503,0.000263101114788,0.0,55.8963243976801,1802.8480752676503,ясно_поле-1315.jpg
5454,3641,3,0.6675834250091676,132.44315881739232,145.22608816772916,162.8550811274481,149.0,169.0,187.0,67.64226414811316,68.55261407930969,65.29706243659294,66.54276863392094,149.05131202949096,0.0343578526289451,0.036379879377698,0.008334587430802,2478840,23.19966261480126,15.0,28.528753961230723,59.82354509368359,41.0,51.85838379659361,163.37295159526022,187.0,64.79211252505999,8451,17337982.5,2051.5894568690096,187710.0264047633,22870,2.706188616731748,2.852121223260731,126.16651450220355,19.77281579543062,100,89386,1,17312411.5,12353217,uint8,250.11134451813763,1787.3225963079692,0.0002954175572286,0.0,67.1639802213386,1787.3225963079692,НГ_2021_Таня_Браславская_14.jpg
3925,5879,3,1.4978343949044586,123.31920580973193,129.02375671585034,134.5166557855175,104.0,114.0,123.0,92.89847796919224,92.49683028739528,91.4635127465237,91.90161198545007,130.01386132006073,0.0275915890074895,0.0358384387788119,0.0176919064478861,2877280,40.57132585701238,19.0,47.110381664157096,51.11784386399611,29.0,58.180447832500846,136.92689518885638,127.0,91.87229770299628,12666,11267262.0,889.5675035528186,79324.79490956706,51882,4.09616295594505,3.811967590962379,128.023774887635,13.700778359204053,100,56651,3,10841177.0,10497026,uint8,149.741932149733,2314.933596098821,0.0209323008970837,0.0,92.28627366770372,2314.933596098821,НГ_2021_Таня_Браславская_15.jpg
3648,5472,3,1.5,158.27652719266183,146.18355863302492,117.98463143908062,152.0,139.0,105.0,78.0351263146662,76.68159048187577,82.8803892954911,76.67589925832328,139.12929038261774,0.0313763570107665,0.0365003462803381,0.0149548772817206,2495232,90.93688402521288,98.0,33.29600439978536,91.02793096994588,72.0,72.82030291109916,161.25704343323588,160.0,77.29939133918093,19139,10561168.5,551.8140184962642,64867.66738277364,67710,3.537802393019489,3.376750696629058,131.50210694827203,33.34357263446687,100,95067,4,8800599.0,13895950,uint8,226.23303519472336,3495.3544772590285,0.0021663784693318,0.0,79.19903536401102,3495.3544772590285,IMG_6766.jpg
4256,2832,3,0.6654135338345865,202.33787179150207,205.39436108478293,203.6652183955652,217.0,214.0,220.0,39.98076980166095,28.30536813399215,42.92971411852523,29.338817520551498,204.52817018380168,0.0349249411891767,0.0361707831709422,0.0054998620438976,1506624,80.37660599127585,92.0,62.86723631733944,37.89153705569538,11.0,51.65337120132392,217.47006361573955,223.0,20.223072731614128,8,12039641.5,1504955.1875,3981737.1604215815,11,1.375,0.9921567416492216,153.09989380299376,36.48065670720957,100,27919,1,12030976.0,11292266,uint8,327.35712651265345,1318.0346443439107,0.000734434725322,0.0,37.07195068472611,1318.0346443439107,117.jpg
3667,5500,3,1.4998636487592036,115.871045095074,123.0237693928651,131.06625014254902,116.0,137.0,150.0,62.36665139078684,58.14290952974825,59.27983896729697,58.2512116358869,124.61517564518928,0.0345018963956771,0.0363548831542743,0.0077205716422687,2517168,60.55095787986216,24.0,51.76511109037636,52.42926796737487,41.0,42.969820746471285,135.67238431216998,153.0,60.47884270464493,29940,12175522.5,406.6640781563126,43366.69885939764,83903,2.802371409485638,2.891431330317235,124.67366258920777,21.685295511368885,100,41194,4,14781368.5,7218853,uint8,162.22301187495353,1394.8411438629546,0.0003128296238786,0.0,59.92979996261069,1394.8411438629546,IMG_2104.jpg
4480,6720,3,1.5,76.83066256776148,78.00333516023596,138.75370930989584,42.0,36.0,147.0,68.89103593873652,75.1128263936398,69.58633600339893,67.67966442844582,96.0351692044005,0.0283671571814716,0.0365988474857043,0.0210929161174122,3763200,88.68097098214285,50.0,79.04479209445117,133.50073481345663,136.0,78.38127915177152,139.6240148676658,148.0,69.07923236038683,1341,8721703.5,6503.880313199105,126557.59698053432,6015,4.485458612975392,3.535372173883468,125.44257509638112,34.64437808471458,100,1694,1,8960375.5,7661012,uint8,6.633909173044218,358.6604348028273,0.0013714674030206,0.0,71.19673277859175,358.6604348028273,125 - 2B9A6505.JPG
3840,5760,3,1.5,75.9537516728154,98.8356795699508,104.7680919958044,63.0,99.0,110.0,58.60787183137224,58.02310207739595,63.76499417923837,58.88684806052846,98.00259874131945,0.0285650790791611,0.0353814596592739,0.0208262439470862,2764800,31.67729636863426,26.0,22.37158713990267,95.265658682364,96.0,53.92387904135167,108.43615591543691,114.0,62.48086788981116,3966,9127880.0,2301.5330307614727,133138.38081813164,19386,4.8880484114977305,3.4356079946885933,123.83145757515588,18.17786937999478,100,56220,7,12274369.5,6330651,uint8,22.36499724211516,1178.0929779730902,0.0010484925602305,0.0,60.13198936266885,1178.0929779730902,7S9A4469.JPG
5760,3840,3,0.6666666666666666,87.66999683521412,115.55838591399016,117.30256858543112,90.0,126.0,133.0,58.12938739457016,52.51978974369945,57.03580995747138,53.57715457270336,112.8925592719184,0.0282286978157246,0.0354180479590456,0.0212480696199004,2764800,31.09970458984375,26.0,15.912734373373128,91.01848614728009,85.0,57.8119430479108,121.9623643211082,136.0,54.365032571233286,2257,11413313.5,5056.851351351352,185202.38681517,9694,4.295081967213115,3.42806805686485,123.24118692238886,23.134336283220676,100,36526,1,13484525.0,5863583,uint8,51.22342949761285,1912.3815293149596,0.0013090556253094,0.0,55.89499569858032,1912.3815293149596,7S9A4496.JPG
3648,5472,3,1.5,193.1443713951248,180.3333820262004,134.98131817001385,207.0,192.0,133.0,61.762788585269526,56.46569240693871,61.50868779705009,53.95791272412137,168.24196748037858,0.0333271712271652,0.0367393171334375,0.0116681464735978,2495232,88.10800774236624,96.0,27.05568094417519,91.12512338532048,87.0,56.334400175511725,199.1746631675932,212.0,56.39397757362783,11664,15988129.5,1370.724408436214,143919.89830995246,41444,3.5531550068587108,3.572119066821594,129.93991356142024,35.48110636722766,100,76829,6,12419362.5,12988821,uint8,157.73496161879936,1707.346625283741,0.0006202189841442,0.0,59.91238959641944,1707.346625283741,IMG_6789.jpg
3667,5500,3,1.4998636487592036,84.67776349257505,84.86543699333119,83.9907427919776,61.0,64.0,67.0,68.94223130349484,66.43839424219723,66.02160259547458,66.24666391527205,84.5842361107668,0.0343965229855618,0.0363179697513801,0.0081779707772897,2517168,71.76192260207749,83.0,41.85454019647797,50.63056394873193,40.0,39.93032470234868,91.89561499367828,76.0,70.0348795943029,21190,5715633.0,269.73256252949506,15117.73730616328,56718,2.6766399244926853,2.8083534863889,127.5425400367494,13.866068850036376,100,38423,2,9565859.0,7502195,uint8,187.06282827181,1311.2619925130773,0.0003302497583146,0.0,67.13407604705554,1311.2619925130773,IMG_2510.jpg
3438,2292,3,0.6666666666666666,59.40631373815086,65.30423827928693,82.07613945666289,37.0,39.0,43.0,54.54430145105353,61.203449250700736,79.03258452375304,64.4287768878751,69.64152356833137,0.0332608801506739,0.0369205352683182,0.0119100569568386,981552,57.38783037238055,24.0,53.10202307025598,96.01892804168988,87.0,57.8144181126013,87.44251396211321,54.0,76.35506519498087,5813,1858778.0,319.76225701014965,13384.546950356837,20046,3.4484775503182523,3.1044608954904174,132.62072491798554,43.41807227864949,100,56215,2,2194882.0,4167712,uint8,335.6017226623296,3550.9979542877218,0.0010246999065972,0.0,64.92677840850244,3550.9979542877218,9V0A5296.jpg
853,1280,3,1.5005861664712778,42.4657376538687,97.11111334994138,133.93209078253224,26.0,85.0,126.0,49.78806210948015,68.59638640130659,64.71491272163101,63.918402059285405,101.90174384525206,0.033067381762851,0.0368973088949112,0.0125119248230298,135680,17.118310375146542,16.0,12.579979737044132,193.1610730509965,201.0,54.2590453775381,134.26852743991793,127.0,64.82441942661195,4925,400939.0,81.40893401015228,4376.215247316343,15266,3.0996954314720813,3.0848590303589645,123.0948094569216,48.77456683061013,100,30310,1,488402.0,548860,uint8,6387.666877930832,28124.41401304221,0.0001675067231692,0.0,61.03312041080592,28124.41401304221,2015-06-05 05-33-24.JPG
4016,6016,3,1.49800796812749,58.30158529777168,59.20059137618409,70.89134428045796,29.0,31.0,38.0,68.77094868684304,70.62144215333866,74.05725440528929,70.02394753028655,62.570230961128885,0.0336507538917735,0.0367917724138356,0.0105630089108051,3020032,74.03414119453039,82.0,62.63253352353194,122.93006295131973,123.0,86.9136340032572,76.34116165822084,43.0,72.78980416709295,14515,4808401.0,331.27116775749226,23535.955851511782,43530,2.9989665862900448,3.1996704155409184,127.80386299448284,20.895626279427777,100,54773,1,5675500.0,12861858,uint8,160.11608320706534,969.6334188677472,0.0016802624850085,0.0,71.14988174849033,969.6334188677472,НГ_2021_Таня_Браславская_11.jpg
6016,4016,3,0.6675531914893617,77.94061250841051,78.1568662186361,97.11372942405907,51.0,56.0,83.0,65.30758227835291,69.93760396077562,70.29123522322175,67.35928506043481,83.7981155911593,0.0338981654120896,0.0365662414182821,0.0097815815358237,3020032,73.96286666002214,77.0,61.6447897479951,111.95889290245933,89.0,83.66299655664014,102.62476130219812,86.0,68.05078458778502,25357,6700205.0,264.2349252671846,18060.63284979158,78977,3.1146034625547188,3.292673538531422,127.24884686935084,17.529074422004715,100,64866,3,8204348.5,14401697,uint8,232.68897556383507,1425.0057760149562,0.0005848606103789,0.0,68.5121404874501,1425.0057760149562,НГ_2021_Таня_Браславская_10.jpg
295,500,3,1.694915254237288,63.94580338983051,132.65105084745764,171.00437966101694,60.0,125.0,168.0,48.42260942374923,65.56245368192018,55.25628628526768,58.02501661597943,136.29837288135593,0.0330308424178076,0.0367897309236163,0.0126080707722682,17856,23.48446101694915,19.0,25.443063106373828,169.14349830508473,167.0,51.22096569648512,171.1123661016949,168.0,55.31677930035583,407,80103.0,196.8132678132678,3723.926189340612,1482,3.641277641277641,3.234346743785097,121.15690904106292,44.65333040502215,100,3573,0,69935.0,82769,uint8,2249.5814101694914,14478.65400677966,0.0001217289435513,0.0,56.41378313031237,14478.65400677966,2015-06-05 23-18-20 (2).JPG
4480,6720,3,1.5,99.0855129610438,111.38101422991072,150.38141741071428,102.0,119.0,159.0,64.72771577992677,70.32870258338002,64.62056356187887,64.26236663790856,121.64889183407738,0.0273216986468311,0.0326519563059903,0.0215027514440297,3763200,39.33455317283163,15.0,56.26836878893435,101.52669559816114,88.0,70.49890189624543,150.91541400935375,159.0,64.18515091639033,4330,15041324.5,3473.7469976905318,99941.29235675951,19471,4.496766743648961,3.489689688038413,126.98519906215574,25.911206399675187,100,19919,5,17130212.5,7722063,uint8,13.458430358471514,669.9105609587585,0.0023213011702389,0.0,66.55899397506188,669.9105609587585,137 - 2B9A6517.JPG
3667,5500,3,1.4998636487592036,112.15531110394924,107.91529895629324,107.34874175074994,105.0,110.0,120.0,68.6419036424551,63.198763268308255,62.45049670330361,63.14250409415721,108.2359454099214,0.0344873708842324,0.0363513264322635,0.0077859648746882,2517168,85.82887676326945,108.0,43.90012338092417,50.563781887597,38.0,38.70423106828928,119.7114549421127,127.0,66.89189798372554,19224,9399657.0,488.9542759051186,50560.81203897017,51841,2.6966812317935918,2.7958185837785323,127.45961254298876,16.15482908335955,100,40499,4,11452971.0,7450229,uint8,182.0408715075489,1286.3133494310434,0.0002487829711935,0.0,64.76372120468899,1286.3133494310434,IMG_2459.jpg
5472,3648,3,0.6666666666666666,186.71139472201384,180.41902225925284,159.34223701443392,197.0,192.0,161.0,59.93927820113693,51.53990474390135,52.78512215434971,48.845898798528005,174.83305545336066,0.0257264219155798,0.0333466135904408,0.0230024044883241,2495232,80.3121961204409,97.0,36.4599437310642,58.52094940470465,41.0,51.04237556569501,196.1825208537723,207.0,52.82250482718008,4304,17894570.5,4157.6604321561335,271163.59637525794,10942,2.54228624535316,2.674760868274062,129.17094900789257,19.68950155980557,100,9763,1,11969843.5,6797898,uint8,44.82269654685416,423.8249776974646,0.0017239371991275,0.0,54.754768366462656,423.8249776974646,IMG_6824.jpg
1600,808,3,0.505,60.28928140470297,88.09279935024753,129.6518780940594,49.0,93.0,141.0,48.99963586788838,53.62090981313834,75.4782912789867,56.59691804267115,97.34832147277228,0.0310219316345316,0.0369990718978221,0.016959945664224,161600,19.16062035891089,13.0,23.026177277689207,130.06683400371287,153.0,66.09936571677713,130.39477954826734,143.0,75.76867672293518,2126,457786.5,215.32761053621823,4990.898651732673,8796,4.137347130761994,3.1108324862012164,128.87883786989033,42.39543859829788,100,10861,2,737227.5,235050,uint8,290.7903387995049,7573.626130878712,0.0006445978110918,0.0,59.36627898667115,7573.626130878712,2021-12-05 09-52-31.JPG
3493,2324,3,0.6653306613226453,144.72194696745348,170.13447832473406,187.95774829718448,141.0,187.0,206.0,80.36078231598391,63.66595600352549,55.67429193093737,59.953986064980896,172.5756072016174,0.0345562500922006,0.0363406436071433,0.0074743280035226,1011520,43.0732235309074,19.0,41.346315554525255,87.87193590525038,61.0,72.2927180969717,196.85550200474717,222.0,57.40737709303559,17432,6315971.0,362.3205025240936,46223.98847054904,53146,3.048760899495181,3.021212989460754,123.74481092792,32.58704459165051,100,62510,0,5761067.0,8735067,uint8,376.453639637278,3123.308155036407,0.0002668178305395,0.0,66.56701008348226,3123.308155036407,138.jpg
3840,5760,3,1.5,90.88374719690394,101.16916458695025,129.16024319118924,80.0,90.0,122.0,52.1350844106682,54.04185636432105,60.653782157677234,55.30641440864984,108.3629673936632,0.0312020225981189,0.0382261039855787,0.0166249927032679,2764800,19.15012225115741,9.0,39.41027874236286,85.39044709382233,71.0,39.04184392313846,129.23620822482638,122.0,60.65807910426136,4328,7851995.5,1814.231862292052,98727.364704588,14805,3.4207486136783736,3.157115630897983,126.88981161366408,23.459966086524016,100,14016,2,8722277.5,5834521,uint8,14.23106834129051,399.8926480215568,0.0009904720557702,0.0,55.61024097755549,399.8926480215568,7S9A4734.JPG
4016,6016,3,1.49800796812749,70.72416186318556,70.66415318612518,91.21279778657974,47.0,53.0,73.0,61.4405454734831,61.77629354053889,59.67898475664805,59.13960324867128,76.82388969719526,0.034065535663849,0.0365390786609557,0.0093565978373687,3020032,69.31235997664925,30.0,65.62208339368586,99.32901145583888,79.0,76.27887295686347,95.1793308812622,76.0,61.28044339716061,16394,4872750.5,297.2276747590582,22010.665390902053,40137,2.4482737586922045,2.523122738977541,128.1068890389854,19.700644027977035,100,53147,3,6079566.5,14117945,uint8,184.3755986691532,1016.9182095587066,0.0005204465576862,0.0,60.96527459022335,1016.9182095587066,НГ_2021_Таня_Браславская_12.jpg
6016,4016,3,0.6675531914893617,61.46219547508106,70.70448438129132,76.48048783092365,40.0,52.0,49.0,53.25719029217736,55.92186619845564,74.37159582378038,58.26820009576592,71.37062483940568,0.0339947581110957,0.0364623148534367,0.0092912165109304,3020032,51.45374204644189,23.0,42.4967616648949,151.0106561370873,176.0,90.64079350726075,89.66805550404764,70.0,64.77660116407931,30150,5230859.5,173.49451077943615,24014.85358880146,83580,2.772139303482587,2.9237552638600635,126.4832220416819,22.97658109681794,100,47068,1,9696320.5,14914874,uint8,215.718334814002,809.6554709519634,0.0009219027567002,0.0,61.183550771471126,809.6554709519634,НГ_2021_Таня_Браславская_13.jpg
5592,3721,3,0.665414878397711,75.3968585002032,81.60734948263712,83.03905822576807,70.0,77.0,73.0,41.36185969831283,40.96972561194407,48.12869034902819,41.438065617937845,81.33057264207055,0.0330704778975048,0.0376351370411808,0.0125037390838274,2600280,61.67019581857447,63.0,53.92957435691494,74.47049908899687,61.0,55.67109320572207,92.14447699308606,86.0,42.90311321710651,11078,3404750.0,307.3433832821809,19876.018259166336,39791,3.591893843654089,3.138494723661833,129.24467814800985,16.303329415327,100,43445,1,8349054.5,9706383,uint8,36.94007924516115,1184.5066721991989,0.0008780235033106,0.0,43.48675855309503,1184.5066721991989,НГ_23_Браславские28.JPG
3648,5472,3,1.5,166.044536239516,154.00058211020058,126.0742331274206,165.0,151.0,128.0,75.12950888928192,74.32319262479642,84.60145940937524,75.11671213729689,147.0163900090252,0.0286132143024972,0.0359665790577311,0.0165006878790833,2495232,79.51907888725377,97.0,45.36608560204537,91.5140957333827,73.0,78.83175299349438,170.5782684736329,172.0,72.31803921576702,15517,11925852.5,768.5668943739125,78258.58624119045,47823,3.0819746084939097,3.1400442812831284,131.1889064491319,37.37347777070154,100,87598,5,9511433.5,12349828,uint8,153.016541047085,2393.318179532004,0.0183192673154365,0.0,78.0180536411512,2393.318179532004,IMG_6774.jpg
5760,3840,3,0.6666666666666666,132.6866965512876,162.3616170247396,175.07059118200232,124.0,165.0,191.0,63.39995820536663,54.02288860791019,58.65374940863241,55.10918911275286,162.7847733561198,0.0335598010038466,0.0364923647164006,0.0111090331863905,2764800,29.171988661024304,21.0,27.13059284266332,72.2797342936198,72.0,48.05583098176829,177.94639001916957,192.0,56.14329529896201,13592,17384518.5,1279.025787227781,145300.43999167063,36765,2.704899941141848,2.7092715930730105,121.28300122918206,26.13416534882278,100,67438,4,14568859.5,12415546,uint8,175.37792457863137,1429.514912109375,0.0004739199701509,0.0,58.69219874063641,1429.514912109375,ясно_поле-0959.jpg
3747,2493,3,0.6653322658126501,179.49159284641243,185.2764184873772,184.6119602996209,213.0,212.0,214.0,76.45101076810813,69.39750127954886,71.52681953886079,70.33707184614569,184.4260367780787,0.0346465445083783,0.0363185130062132,0.0070439302364733,1164384,60.40270847511008,55.0,47.1117447714916,30.592714310504427,13.0,39.15994414370262,191.2923257445373,223.0,67.90242747135918,12342,7364887.0,596.7336736347431,63638.78496109163,33492,2.7136606708799222,2.778661380500361,126.26604406460508,14.883328210178892,100,48873,0,6585850.0,7838861,uint8,342.5185843553838,1791.485794170836,0.0010419806784597,0.0,72.45844386217259,1791.485794170836,108.jpg
6720,4480,3,0.6666666666666666,103.75447003215348,118.71922140731292,147.900506683142,119.0,141.0,165.0,61.59186568965184,66.03109530514146,63.33952639089814,62.12844678387589,125.7447846247874,0.0280552077433345,0.0354492247903308,0.0211556610119781,3763200,35.83087697969813,16.0,50.99426597131081,84.80806723666029,60.0,63.1829155208353,148.56391956978104,165.0,62.789403359803465,6193,18117983.0,2925.5583723558857,118738.08911689604,27847,4.496528338446633,3.334279370121311,127.50730322301726,26.446833029338222,100,68763,7,19685482.5,8509045,uint8,30.66395318478954,1222.347900789222,0.0015551620964368,0.0,63.65416246189715,1222.347900789222,4 - 2B9A6382.JPG
333,500,3,1.5015015015015014,67.26001201201201,132.4452132132132,169.512012012012,61.0,137.0,176.0,42.72106537513459,61.92755058074296,49.48855935833189,54.59607937793504,136.1082042042042,0.0326131958950403,0.0368169780815535,0.0136520860274562,20336,19.01633033033033,18.0,16.13820501940161,160.01164564564564,167.0,45.16047984082999,169.53271471471473,176.0,49.49371706435616,320,96074.5,300.2328125,5266.227182452783,1040,3.25,3.009360397160832,123.9471034576561,41.063072962976,100,4543,2,94141.5,85486,uint8,1733.060018018018,13493.75813813814,0.000119062834165,0.0,51.37905843806981,13493.75813813814,2015-06-05 23-18-22.JPG
6048,4024,3,0.6653439153439153,162.86503474194515,163.3973121423575,165.88927558162928,194.0,187.0,181.0,89.58713204572526,86.0602118555653,82.3696796773097,84.98091066528235,164.0877148238216,0.0287366489379325,0.0367161984929078,0.0201368944637672,3042144,39.282266922604585,11.0,49.403407437014494,37.768596383011456,19.0,47.60733200362383,172.05916842693836,202.0,82.0905412607797,6396,15886525.5,2483.821998123828,161669.98283377505,25474,3.982801751094434,3.215136481429416,131.19722549630768,13.387172534840238,100,55610,7,14955951.0,9309815,uint8,64.88168171855112,1917.105473968359,0.0476502008042011,0.0,86.0056745262001,1917.105473968359,НГ_23_Браславские25.JPG
3471,2314,3,0.6666666666666666,65.41315360984595,71.42279193425611,87.75471376987794,41.0,46.0,54.0,58.30637831259849,62.78098895214611,79.48568058111441,65.9633277956953,75.62008325807089,0.0332430279921271,0.0369540010902842,0.0119663261479582,1001096,52.76644699245284,20.0,49.56675992375246,94.2785773816238,85.0,55.05549118598051,94.60509750253178,68.0,77.6768911550029,10989,1842182.0,167.63872963872964,9653.162824304574,41036,3.7342797342797343,3.224712577853105,130.89682982351297,25.32340843436569,100,62400,3,2311922.5,4433546,uint8,411.8869548079196,4588.264094122756,0.0007329679465293,0.0,66.85768261528634,4588.264094122756,9V0A5299.jpg
6720,4480,3,0.6666666666666666,103.30373588302508,117.31422758556548,146.09251159252764,119.0,139.0,164.0,62.069565216975086,65.9343481756341,62.839889733928345,61.973945626820274,124.32747937260842,0.0276537637394409,0.0337534039848997,0.0216802900170456,3763200,37.23679763897746,16.0,52.407675177571,84.45693957270409,60.0,63.71281126880118,146.83098267431973,164.0,62.23131165690139,4081,17935733.5,4394.935922567998,147587.2539065528,20061,4.915706934574859,3.456276520591332,126.88397103233144,26.13344788040837,100,47426,7,19458458.0,8091527,uint8,16.761172007865646,942.8896877657312,0.0016816587541405,0.0,63.61460104217917,942.8896877657312,3 - 2B9A6381.JPG
5190,3454,3,0.6655105973025048,48.16063623979569,61.39590377468585,77.24902534047816,37.0,55.0,76.0,38.60815547575241,41.43349928706167,47.970684180409656,41.84322757212111,64.62804232450048,0.0325548397688179,0.0379989279626945,0.0137896901001046,2234304,26.16393162879485,14.0,28.786990897842077,103.8648438659263,101.0,67.6978288940962,78.14782174307413,77.0,48.17764322912994,7898,1351369.0,171.10268422385414,9983.905161211756,24398,3.0891364902506964,2.842387261974097,124.43488974208016,22.74659551981293,100,34576,2,8370806.5,8192269,uint8,44.83341812514155,1159.4539655232045,0.0012893028485351,0.0,42.67077964774125,1159.4539655232045,НГ_23_Браславские24.JPG
3648,5472,3,1.5,99.96782954450728,103.92613021554708,109.088723613676,91.0,97.0,104.0,58.07535523695562,53.76956328921383,52.301187081451125,53.22147589147357,105.02507006362536,0.0339464734148027,0.0367665708742456,0.0098807351399209,2495232,49.75856087730519,19.0,50.035752833293344,53.49905665084449,43.0,41.344929726893525,115.11926305850518,107.0,56.15758455258326,36799,6101664.0,165.8105926791489,17628.815440328424,168472,4.5781678849968745,3.803914494951119,128.2004478964584,11.718927543322948,100,123656,1,7416215.5,14667761,uint8,259.06374963330063,4486.5533007552,0.0001806043933003,0.0,54.71536853587352,4486.5533007552,IMG_6750.jpg
3208,2139,3,0.6667705735660848,66.19542803813282,66.19853897864036,79.78571759591205,49.0,42.0,46.0,54.15940767079047,60.07103780048903,74.24366025810461,62.34261756835955,70.26205538631216,0.0328318508001867,0.0372831826691496,0.0130684861362035,856536,72.46514207701877,93.0,61.10751164807936,96.9284626500602,91.0,47.14775837303503,88.73672920900181,61.0,71.73412323774443,1740,1793793.0,1030.9155172413791,25768.370281487336,4663,2.6798850574712643,2.462441548056078,128.19970039617576,30.662870511392644,100,44951,1,2017259.0,3311602,uint8,139.57437300274327,2166.316353809259,0.0008320280175845,0.0,62.82470190979471,2166.316353809259,9V0A5307.jpg
333,500,3,1.5015015015015014,35.69433033033033,117.99463663663664,136.4428948948949,20.0,108.0,124.0,48.15442771329122,63.780905302009344,54.0301549684412,56.383555947204336,114.13297297297298,0.0326107335790376,0.0368981710484207,0.0136579667164782,20336,26.48390990990991,25.0,21.16210249360497,202.55834834834835,217.0,53.47724975273028,140.25848048048047,128.0,53.61822942974293,725,53271.0,73.47724137931034,1526.0018420355325,2408,3.3213793103448275,3.342540561885196,116.7218539363043,44.979023119018095,100,3669,1,50615.5,87395,uint8,1814.3491171171167,12226.77678078078,0.000134895316179,0.0,55.32182932791392,12226.77678078078,2015-06-05 23-18-21.JPG
3943,5926,3,1.5029165609941668,134.93571347318596,146.09909130352204,155.12434001942464,134.0,147.0,157.0,91.0372181589738,89.74465126633169,86.59538148291783,88.45633749753384,147.5282962779856,0.0305242167491787,0.0371724869616348,0.0178389337719295,2912640,28.45688348024485,17.0,35.53897505799939,56.43841994455414,39.0,53.89260734614192,156.854449658905,165.0,86.44294462257227,9934,13047010.5,1313.3692872961549,112590.46640123623,43884,4.4175558687336425,3.274440834707091,129.22930778068687,18.593678192748207,100,66214,4,12038317.5,10119219,uint8,82.91522543357252,3087.5702223611884,0.0108008846105085,0.0,89.12575030274111,3087.5702223611884,НГ_23_Браславские26.JPG
2640,3960,3,1.5,65.7604555976431,71.0623850244873,90.41916771885522,31.0,36.0,50.0,66.02972146122498,70.76035353411751,84.51435791948406,73.22552409426908,76.23279470844811,0.0299083096647387,0.036796476557781,0.0183933042927389,1306800,57.98353659703091,13.0,61.42337462371032,99.56838259488828,93.0,60.93617576740094,93.37792862335476,60.0,82.83878049425228,6097,3360808.0,551.2232245366574,33764.325425199335,29601,4.855010660980811,3.7783823831822847,131.49252067331875,34.8375727073665,100,54045,4,3813959.0,5070724,uint8,633.7319251224365,8802.122874005203,0.008808054912358,0.0,73.76814430494217,8802.122874005203,9V0A4807.jpg
6048,4024,3,0.6653439153439153,61.81807604275143,71.44808496902185,81.37623436793261,55.0,64.0,71.0,37.67383236552001,38.61292658494282,48.71235874369913,39.55563868182613,73.3220334080175,0.0320564473618117,0.0377254978467518,0.0149123307235249,3042144,40.0386977079323,20.0,42.150779642138,78.52470860189393,73.0,53.240559509219,85.9617170488971,75.0,45.61027413394894,13032,2707861.0,207.78552793124612,8993.77827048546,55847,4.28537446286065,3.2736565524182137,125.04948051950772,31.120359462039108,100,59792,2,8401004.0,11811186,uint8,46.27647220184186,1433.702412180357,0.0009279879799925,0.0,41.66637256472065,1433.702412180357,НГ_23_Браславские27.JPG
3227,2151,3,0.6665633715525255,46.21667007382071,54.27762802147213,75.78045149329151,24.0,25.0,34.0,50.637516247283095,58.43291296596941,75.54426284781863,61.89979257090904,59.781089416255824,0.0329111673994016,0.0373297654661246,0.0128313870482102,864032,61.02517476251128,13.0,65.59033852654234,98.86267353975356,85.0,54.71223462186892,76.58828238665595,35.0,74.96891620066049,2175,1195342.5,549.5827586206897,11440.052345945738,5886,2.7062068965517243,2.726562924724308,126.23719627653558,35.60363093592473,100,14596,1,1591540.0,2970417,uint8,104.1405754301406,1379.89445717265,0.0021079903512006,0.0,61.53823068702371,1379.89445717265,9V0A5304.jpg
3840,5760,3,1.5,102.2585964626736,113.5498900462963,133.5221755190249,101.0,117.0,135.0,46.7841895631372,41.545294774183525,42.65018481711675,41.11254267944045,118.24738299334491,0.0292604589115794,0.0394250846682161,0.0198357409736226,2764800,73.51456185800058,16.0,70.79858589040288,69.70152741608797,66.0,54.076030977038656,134.62595251012732,137.0,42.56936598390291,6818,9635249.5,1413.207612202992,110663.79250054929,22833,3.348929304781461,3.029068546678324,127.53270300195246,18.011704709167258,100,9119,2,13939374.5,5265926,uint8,8.423382613570602,338.4136138237847,0.0019983845357492,0.0,43.65988971814583,338.4136138237847,7S9A4702.JPG
6048,4024,3,0.6653439153439153,123.13280798016136,133.07575376938107,139.7376502394364,124.0,135.0,146.0,70.51593517445664,64.83791357695122,61.49832284299737,63.97023827088728,133.93541364248372,0.0311576762117428,0.038407144977901,0.0167068944067,3042144,41.77077227442225,22.0,38.321318518869575,54.67681469056034,34.0,52.96368817507199,142.8106510983701,147.0,63.461451538729705,6531,13676552.5,2094.0977645077323,93258.82388659636,23850,3.651814423518604,3.137833647575877,126.12624015572754,14.92542034815814,100,22406,1,14077049.0,9014762,uint8,18.668147119268514,564.6619309440973,0.000849980298119,0.0,65.61739053146842,564.6619309440973,НГ_23_Браславские23.JPG
1280,1920,3,1.5,58.99889892578125,104.0796610514323,188.4971944173177,42.0,107.0,214.0,57.32745797400828,54.86683517905032,72.9623189771233,54.286696468951774,124.19117146809896,0.0333816860419909,0.0366835177460416,0.0116474476361492,307200,12.52357666015625,11.0,9.782500875178426,167.6988456217448,195.0,77.41122083795827,188.55401977539063,214.0,72.93689706260048,3249,1380672.0,424.9529085872576,22302.09804427841,8418,2.5909510618651894,2.7168281912009844,123.61995792979393,74.95387411813881,100,21173,3,1550745.0,2365684,uint8,921.5810428873698,7970.614276529948,0.0003841511611955,0.0,61.71887071006063,7970.614276529948,Антон-235.JPG
4016,6016,3,1.49800796812749,66.40162310366247,68.7139376751637,76.87857707302439,42.0,46.0,58.0,66.80511804516574,69.83674591640886,77.34485240229894,71.36915563559367,70.89057835314328,0.0331710971447665,0.0365612965696913,0.0115120014576552,3020032,56.07282476642632,18.0,52.988420444302335,104.47653654828822,75.0,78.18508654873605,81.32747169566416,59.0,75.56482975864463,9591,5254832.0,547.8919820665207,33966.52729367303,27249,2.841101032217704,2.8637396700158955,129.35305862760114,20.773405879532262,100,43435,5,6239775.0,12658304,uint8,99.95902108818714,1581.40699957815,0.0021176550454853,0.0,71.32890545462452,1581.40699957815,Таня_Браславская_семья_НГ_2022.jpg
333,500,3,1.5015015015015014,37.12087687687688,109.23502702702704,142.9300900900901,30.0,108.0,140.0,34.19573364604632,54.829218823279966,40.19551707697593,46.4407115865754,111.09673873873874,0.0321165489450694,0.0369713954170016,0.0147826683388195,20336,23.8852012012012,21.0,25.332608777661264,196.9592192192192,202.0,37.85548552555318,143.06512912912913,140.0,40.39393182356118,492,54503.0,110.77845528455283,2150.528933732438,1964,3.991869918699187,3.475807059487936,113.19053340958573,48.30007534941935,100,2995,1,74564.5,77967,uint8,1469.749099099099,12094.005213213211,0.0001824875305217,0.0,43.0734898487674,12094.005213213211,2015-06-05 23-18-19.JPG
6048,4024,3,0.6653439153439153,119.42264049630786,125.9148911507805,133.42835336690175,94.0,105.0,113.0,86.31908188766418,83.74981637473255,79.8790626972771,82.42753677641164,127.42251566658253,0.0309783765902158,0.0372198872955805,0.0168834578852375,3042144,38.97286560070792,18.0,45.250922298816114,54.99447174426983,37.0,53.74714287394142,136.27955300603784,120.0,79.33767518863937,10248,10248817.0,1000.0797228727556,92617.4961460652,46706,4.557572209211553,3.216705279755621,129.99132808229973,17.030833085019715,100,85430,2,8581454.5,11297562,uint8,71.14902902360967,2695.464814617585,0.0073767552158382,0.0,83.31598698655795,2695.464814617585,НГ_23_Браславские22.JPG
853,1280,3,1.5005861664712778,55.40287129982415,118.6622105803048,161.1798010697538,41.0,105.0,154.0,48.252313893622144,64.98872330101831,53.26670362797426,56.131895215802274,124.1760083895076,0.0331590164880092,0.0368788014351333,0.0122670136945611,135680,23.866522567409145,18.0,32.203063801864,172.71959169841736,183.0,49.65773401063503,161.91652256740915,155.0,53.57072668431354,3335,431128.5,129.27391304347827,6657.40866200676,10235,3.0689655172413794,3.2183012052923745,120.79394258088732,48.09184446729348,100,23209,1,327965.5,424760,uint8,2593.982591771688,10368.804088511137,0.0002438934909058,0.0,55.50258027420491,10368.804088511137,2015-06-05 05-32-50.JPG
1080,1920,3,1.7777777777777777,135.87997251157407,140.87068094135802,142.22942370756172,144.0,152.0,169.0,70.73015935562292,68.43006462345109,76.32620233631775,65.80974028086743,140.69714313271604,0.0310034347586802,0.0371498346032397,0.0169937350925101,259200,67.54778018904321,80.0,43.38311622487135,112.62960310570988,127.0,77.10028050006893,173.21403838734568,190.0,55.54981807761468,204,1747547.5,8566.40931372549,120943.11981705982,607,2.9754901960784315,3.215219209265423,126.01714711560166,44.33223121711576,100,2947,2,1820043.0,720357,uint8,166.558018904321,8621.782228009259,0.0005290308450854,0.0,71.82880877179726,8621.782228009259,2015-03-14 11-23-04.JPG
2723,4092,3,1.5027543150936469,161.04470965085443,168.09130756464697,173.60569479998952,186.0,187.0,198.0,65.96355608997696,58.45356079240228,66.2982884364287,58.89538739979428,168.94887052439503,0.0346237023979578,0.0362390777232729,0.0071553638483626,1389920,62.64929877596765,18.0,62.72840988865942,64.91328942224538,30.0,70.61606066803469,185.7924321580512,205.0,53.7399894058577,6720,9236212.5,1374.436383928571,79742.39920315481,17745,2.640625,2.696202945562651,124.67654434223252,44.440437862857024,100,61696,3,9072702.5,10801153,uint8,364.2721820637278,2294.4389644134235,0.0003187416413512,0.0,63.57180177293598,2294.4389644134235,131.jpg
4480,6720,3,1.5,99.31818156754888,116.3310693359375,145.8583708678784,98.0,122.0,153.0,60.25555190045615,65.72972050330199,61.03206515791802,61.44584522274821,123.2272024473852,0.0275760805224353,0.0321767022617253,0.0218797454293051,3763200,39.35567638578869,16.0,54.62280455425384,93.55346208014456,90.0,63.39868705177157,146.80281774819304,153.0,60.52466335367427,5522,15384935.5,2786.116533864542,99111.71347480232,25198,4.563201738500544,3.3833444497371863,127.20049246994805,26.872580430343145,100,25635,5,17641226.5,8226828,uint8,15.154117805325257,1060.6364785953444,0.0013866541516794,0.0,62.33911252055872,1060.6364785953444,58 - 2B9A6437.JPG
6720,4480,3,0.6666666666666666,103.34683806335036,117.34374525005316,145.98943372661566,117.0,137.0,163.0,62.39520403811097,66.36558644443764,63.682259931316,62.47022321993165,124.31987068850978,0.0273399925054676,0.0323263211810908,0.0220417078239573,3763200,38.84536817070578,16.0,53.34031941262781,84.12417058620323,59.0,63.572633976654,146.8299296144239,163.0,63.08561454184592,2635,17910858.0,6797.289563567362,178880.1323133828,12699,4.819354838709677,3.5732515079385503,125.7507332230943,29.23368954356533,100,19592,6,19259785.0,7745999,uint8,12.187302196269131,676.154901214392,0.0015761249607928,0.0,64.1476834712882,676.154901214392,2 - 2B9A6380.JPG
3840,5760,3,1.5,82.4285784233941,110.51512044270834,122.82115229853878,72.0,103.0,109.0,58.62735417649455,60.35449097532094,72.92954881366505,62.57585759936234,110.9904276529948,0.0341499228562086,0.0363324191821371,0.0091495380959596,2764800,26.395822211371527,20.0,24.8969043861994,94.30554497612847,104.0,53.66156995301704,126.52784523292824,114.0,70.23195113217216,25772,9120055.5,353.8745731801956,50634.46713886486,76372,2.9633711004190597,3.0419069897619653,120.25069753819226,26.51409710672305,100,41717,2,9802516.5,14059714,uint8,200.42456416377317,1460.5184557653356,0.0002606746565754,0.0,63.970464655160185,1460.5184557653356,ясно_поле-1050.jpg
1920,1280,3,0.6666666666666666,45.08517781575521,86.41514689127604,163.13660278320313,28.0,81.0,169.0,50.11737067416417,52.16027174224194,77.8600371637496,55.01737064658782,104.6493221028646,0.0336091216105673,0.0366477700177698,0.0109739210871876,307200,11.899906819661458,11.0,6.871553621817654,183.6494189453125,204.0,65.83130729006638,163.15777506510418,169.0,77.86240308324243,3868,975084.5,252.09009824198552,13532.340647311104,9700,2.5077559462254397,2.771865564517761,121.69519605506304,71.9591441268213,100,15221,3,1262630.0,2295735,uint8,550.6817028808593,5179.522403971354,0.0003501311381754,0.0,60.04589319338523,5179.522403971354,Антон-237.JPG
5760,3840,3,0.6666666666666666,95.3026496943721,110.39721955475984,133.05123883282695,88.0,109.0,134.0,42.699733030251046,38.72419711698824,39.17466275962384,37.93296989876536,115.45905784324364,0.0296852018902762,0.0392027958024935,0.0192032150890449,2764800,50.69168000397859,14.0,63.801308589723824,78.89420649775752,79.0,50.60762907137455,133.67065899884258,136.0,39.10313879166951,6944,8529633.0,1228.3457661290322,89946.05176062764,23033,3.3169642857142856,2.9704128948692627,125.88001542857069,21.430714529212786,100,22201,1,10835479.5,5711888,uint8,16.92489244249132,742.8337694408275,0.00186131242651,0.0,40.19953096895438,742.8337694408275,7S9A4700.JPG
3840,5760,3,1.5,64.79888536241319,96.9030792010272,98.794944797092,44.0,94.0,93.0,53.10122439414999,53.45746789018381,59.01655888663888,54.0130063001955,93.80534939236112,0.0285330115989497,0.035302853461018,0.0208723226135494,2764800,32.27806907371239,32.0,17.437715408952894,111.30998521592882,119.0,54.11155771567525,104.00140462239584,102.0,57.33680856127386,3387,6955929.0,2053.713906111603,104514.4172885138,16944,5.00265721877768,3.524220304208089,121.13205410557394,25.406079244676533,100,47339,5,10221548.0,6537297,uint8,30.864293484157987,1296.4071470811632,0.0008548196016368,0.0,55.19175039032422,1296.4071470811632,7S9A4476.JPG
3667,5500,3,1.4998636487592036,100.82542201948584,107.44485008800852,109.90854932196248,100.0,118.0,127.0,63.81777712986681,63.27138680301601,65.14978050526094,63.28084354027091,107.43147442794456,0.0345370537848158,0.0363815769531953,0.0075625336630284,2517168,65.10171024121775,75.0,45.1182806570005,54.74650598705903,49.0,38.87314107528229,116.57189567890522,133.0,66.95795798524425,21551,9967482.5,462.5067282260684,58860.29148667752,59062,2.7405688831144728,2.809650476480261,126.24057517875518,17.900455215062543,100,29599,3,12947979.5,7083599,uint8,157.44072573567692,1186.3236998289412,0.000332837817948,0.0,64.07964814604792,1186.3236998289412,IMG_2144.jpg
2703,4062,3,1.5027746947835738,162.76389619790766,175.07282351083182,185.4714204160339,193.0,193.0,211.0,74.2569506073675,58.09138857411703,65.62554337772623,58.6768662483821,176.78234698466773,0.03453263268942,0.0362915832544502,0.0075826960293617,1366872,64.44770986811342,24.0,60.26973881307472,66.86187958270922,29.0,75.83465403709386,195.77148719450807,216.0,55.81814586550559,4263,10207539.0,2394.4496833216044,154244.52956886843,11134,2.611775744780671,2.6412918125486176,128.49049091078746,20.56475525343765,100,60216,6,10126414.5,10637002,uint8,276.4719780873341,2802.308635680799,0.0003338001947424,0.0,65.9912941864036,2802.308635680799,157.jpg
3566,5349,3,1.5,152.84589599934657,143.38787862392863,146.0431994826191,161.0,140.0,143.0,50.70316826812099,48.36727230849674,61.94141979725487,47.77440757476373,145.26401342229383,0.0266344674091791,0.0350698799329926,0.0223160873682411,2378080,84.57598219699626,102.0,47.408273580619614,78.03939351808017,65.0,54.62671926161703,172.73690927390416,174.0,46.96760163368877,1723,14542616.0,8440.287869994196,344676.59067956096,5809,3.371445153801509,3.127051860476899,134.0045913651404,26.747940767336445,100,1535,1,8173045.5,6937720,uint8,22.8095517300711,324.4486434111575,0.0015264302257865,0.0,53.6706201246242,324.4486434111575,IMG_6861.jpg
1280,1920,3,1.5,31.144996337890625,82.1474755859375,176.85621907552084,19.0,79.0,209.0,37.033456391895314,46.06006471976295,79.50519320861096,50.25841112869445,104.65051391601564,0.0338864159872963,0.0365339716677545,0.0100851777882103,307200,10.957784016927084,10.0,5.527481947321101,202.68088745117188,221.0,53.95745099623643,176.8666837565104,209.0,79.49443968587948,6431,972472.0,151.21629606593063,11072.997021639048,14053,2.1851967034675788,2.3869374059201403,119.40433263294784,82.68397314049717,100,16590,2,1548544.5,2467511,uint8,734.4556075032552,3566.44144938151,0.0003868222649321,0.0,54.19957144008973,3566.44144938151,Антон-133.JPG
3266,4898,3,1.4996938150642989,82.20923952113627,112.61135648553204,142.6889997467004,70.0,124.0,179.0,55.24921045613719,60.768140065167785,79.85461364908745,63.81816705773623,118.14929553710138,0.0270082618956486,0.0267394328178608,0.0227595183942121,1997568,38.50866769670163,16.0,41.242430750444186,109.0291450176372,113.0,52.65513426923583,146.10097932920368,184.0,77.4195723866904,6054,9329572.5,1541.059217046581,106259.64478195412,28317,4.677403369672944,3.2707614615938265,124.04675355905698,47.17123133493062,100,78058,2,9900862.0,1569152,uint8,147.3441448663576,3730.4946220722704,0.0009199092941288,0.0,65.29065472346413,3730.4946220722704,IMG-152.jpg
1080,1920,3,1.7777777777777777,91.52318479938272,77.29276138117284,103.8321981095679,88.0,60.0,102.0,59.38286690645212,63.71432804069772,55.61232919677386,59.67912652215609,86.85270929783951,0.0329766784900159,0.037545494259239,0.0127490656601297,259200,104.75573640046296,145.0,66.26762798415652,107.6601249035494,106.0,67.69776395755792,106.27706597222222,103.0,58.46555278731536,402,547739.5,1362.5360696517414,15902.0911389856,1226,3.0497512437810945,3.2944265368614705,130.0594712168372,17.33401584903532,100,105,0,788615.0,618903,uint8,26.61088348765432,605.7102932098766,0.0005668393911163,0.0,59.569841381307896,605.7102932098766,2015-03-07 12-17-43.JPG
5472,3648,3,0.6666666666666666,167.24869671437366,160.22031964362432,151.34718134425978,164.0,142.0,144.0,67.26550468281941,61.63113877017639,63.45995392465428,59.90955128916429,158.37463911171386,0.0304443396454663,0.0364728893144559,0.0150247937099551,2495232,69.6925463243498,95.0,46.10722794988635,66.03279669986598,54.0,54.53359582855897,181.29527685201217,176.0,56.52035325845453,23538,13356998.5,567.4653114113348,68045.77209605508,69517,2.953394511003484,3.091915305663353,131.5253785277173,33.00625748417844,100,43075,1,6555572.5,10470030,uint8,77.12337039201165,849.573582736996,0.006567814240201,0.0,64.11886579255004,849.573582736996,IMG_6848.jpg
2832,4256,3,1.502824858757062,154.69852215947708,170.41443568534683,181.62467427174929,174.0,182.0,197.0,65.69008678683592,49.292934261141895,54.26369395302844,48.63613311315597,171.98298165302026,0.0344452441235864,0.0362803420108563,0.0079702670467185,1506624,42.607736900514,16.0,47.82542421881147,72.98854168326005,46.0,67.61309737833572,193.1759670959709,201.0,45.49857339291591,1365,11719610.5,8585.795238095237,316327.2920971189,4295,3.1465201465201464,3.0972865320011533,132.19302887250376,41.61494950144135,100,78167,6,11698060.5,12354547,uint8,474.14561430058194,4749.673984019902,0.000342065943898,0.0,56.41557166700208,4749.673984019902,142.jpg
1920,1280,3,0.6666666666666666,35.944476725260415,82.62136637369791,156.40314331054688,31.0,90.0,174.0,31.4444792568843,47.87783307807673,85.51274078460052,54.3912657627456,99.36444173177084,0.0336601792198083,0.0366429780046875,0.010816299475816,307200,12.171025390625,12.0,5.494425367036907,188.288427734375,199.0,49.795103836448334,156.4280521647135,174.0,85.50910482371913,8181,985463.5,120.45758464735364,6115.339131562576,19892,2.431487593203765,2.6619147429096643,119.9737516684473,66.9175210967045,100,18907,4,1397906.5,2427854,uint8,856.582950032552,5247.498373209635,0.000371890125376,0.0,54.94501770652053,5247.498373209635,Антон-124.JPG
3590,2389,3,0.6654596100278551,140.52213569388948,150.01144801323616,146.9562944601009,130.0,141.0,143.0,47.48622555177299,39.07170329339675,32.37968270244254,35.6904332833562,148.00198180845123,0.0348417534521708,0.0362042506890148,0.0060043497516991,1068032,38.65543653537394,24.0,30.277261309061224,44.52779125774936,38.0,36.03539748424348,158.23167057462769,146.0,41.00962242677403,38441,6854862.5,178.32164876043808,32206.338836382394,103359,2.688769803074842,2.8717749627801537,126.55838478202357,10.75896223819641,100,21363,0,2025610.5,6914449,uint8,282.49675963766146,1115.6881736277344,0.0005186776925632,0.0,39.64587051587076,1115.6881736277344,034.jpg
4043,2690,3,0.6653475142221122,148.4586459500886,155.31524908350474,152.65436832857193,151.0,158.0,154.0,69.13083740983048,65.21014210834683,68.32582561769208,65.07695952980534,153.74762483598712,0.0344492136599603,0.0363294149314883,0.007953092338432,1357440,44.8095286083524,22.0,44.42879838816963,44.58426028005631,32.0,42.69745858606771,162.98444426872092,167.0,66.00814201619117,25760,7930149.5,307.84741847826086,47407.3825284059,67239,2.6102096273291924,2.7590415654322955,126.3964888388615,12.116963400961025,100,51860,1,6701482.0,9013607,uint8,309.96108488028784,2211.043062358457,0.0004385458532165,0.0,67.55560171195646,2211.043062358457,009.jpg
2832,4256,3,1.502824858757062,172.24352277011386,183.27304697456037,194.59873374179625,203.0,204.0,219.0,72.39473037621256,61.75346472256033,59.407277687603525,60.35884377584243,185.4144192578905,0.0346787595395011,0.0362534635193346,0.0068835772930839,1506624,41.67598568056795,15.0,54.3623899867336,51.01244487675757,19.0,61.60078828589625,199.33676310413216,220.0,54.477797562058285,5430,10926802.0,2012.302394106814,146374.60023880628,14026,2.5830570902394108,2.6770988823422845,125.5152172317186,30.63936353291901,100,67292,6,7842633.5,11109228,uint8,364.6231823600314,2324.89540970408,0.0003747397302221,0.0,64.51849092879213,2324.89540970408,145.jpg
3691,5529,3,1.49796803034408,72.12709273763976,71.67660921779937,74.436067376865,72.0,73.0,76.0,43.69978474516204,42.19735175307579,43.97042833570859,42.49845533594153,72.53531457173743,0.0343647577110609,0.0365520399132815,0.0083104408421268,2548408,58.18846701701759,16.0,53.04351404471939,49.45293295776624,44.0,30.16762366352287,80.15573690683624,82.0,45.86471128386997,7504,1434189.0,191.12326759061835,7087.363614541574,22052,2.9386993603411518,3.1403259940407784,129.2331560076587,10.595199843427242,100,9345,5,12147633.0,9898746,uint8,104.66866680984904,691.8692503784998,0.0006339049527091,0.0,43.28918827798214,691.8692503784998,Таня_Браславская_семья_НГ_2022_8.jpg
3759,2501,3,0.6653365256717212,162.17878998972373,188.1505931280055,210.15683867447967,178.0,194.0,216.0,61.13687588612125,38.11107243916075,36.3984077022592,37.00281367846869,191.77430990891756,0.0341794862961952,0.0363476047021778,0.0090422738312428,1170624,43.78040260352363,17.0,51.82953121783209,65.27809105142194,37.0,64.79245636623513,212.51447949684183,218.0,33.61295376076563,185,9235774.5,49923.10540540541,675562.276961782,1058,5.718918918918919,4.069254386702327,128.00396486133874,16.405574043990907,100,46188,1,9086271.5,9619294,uint8,449.8108766070587,7128.996833721952,0.0005083777404499,0.0,45.2154520091804,7128.996833721952,018.jpg
2761,4149,3,1.5027164070988772,169.92982508057997,180.3883844538147,191.87610983791123,186.0,190.0,204.0,55.52667958642662,45.03474708121434,44.6285612529811,44.474262836945805,182.64315947716835,0.0342436008463347,0.036341966321425,0.0087963515498183,1429680,43.8578838309201,14.0,56.2340204811949,42.82099429360277,21.0,52.29857441112916,195.1421237637587,205.0,41.00174415500004,1849,10936851.5,5915.008923742564,254153.3140637393,4823,2.6084369929691724,2.67659248180111,124.74009707823126,31.30471259361704,100,38923,2,10852902.0,9996646,uint8,193.3631911583273,2166.4988439938616,0.0004844800823276,0.0,48.39666264020735,2166.4988439938616,030.jpg
5760,3840,3,0.6666666666666666,165.08735649956597,182.53912995515049,185.08174664532697,166.0,206.0,220.0,82.72943634795513,71.27700434915062,70.92550713249345,71.68262899858428,181.32054090711804,0.0308377057485899,0.0363669228739008,0.0172925500331019,2764800,64.39978587962963,56.0,39.96300410767688,47.97513992874711,38.0,47.063014742465526,189.86790464048036,223.0,69.82895409916341,10625,16520184.0,1554.8408470588236,140829.86465612517,28869,2.7170823529411763,2.719230852375743,120.95375881938772,21.301175820342404,100,45734,1,15118526.0,9169799,uint8,132.2486400462963,1240.1497238498264,0.0057386253958234,0.0,74.97731594319974,1240.1497238498264,ясно_поле-1384.jpg
2806,4217,3,1.5028510334996437,163.29744656044645,169.92367840112257,176.1955090137652,189.0,188.0,197.0,68.42932748968246,58.671252301531965,60.27341306187185,57.93634570567409,171.0524317703299,0.0345832920480129,0.0362437404566251,0.0073481909789456,1475600,62.06958757876977,24.0,61.318358721538445,50.675433465095885,15.0,64.30432499684639,184.2365988495468,200.0,52.96480175299351,18391,9574675.5,520.617448752107,67905.12057694989,46446,2.5254744168343213,2.6940669233016767,125.5603034786074,37.48465144266272,100,69286,6,8315170.5,10790310,uint8,439.9591710469672,2857.7907955292794,0.0004471844360397,0.0,62.45799761769543,2857.7907955292794,150.jpg
2832,4256,3,1.502824858757062,161.1707326280479,172.6629747203018,181.2229588304713,190.0,190.0,203.0,74.1938103323602,58.652446551323486,64.4884670161735,58.545971913941216,173.9180978465762,0.0345737627846524,0.0362300770129744,0.0073928970268095,1506624,59.01782088629943,21.0,58.70992513946672,66.38188833112973,28.0,74.73678608164998,192.8438186136687,211.0,55.71217288785315,2238,11338946.0,5066.553172475425,236354.2302750978,7204,3.218945487042002,3.3293128151284157,125.78358366352184,36.6396903165048,100,67218,6,11281724.5,12042130,uint8,428.8802837502921,3617.7663665586106,0.000283417852096,0.0,65.7782412999524,3617.7663665586106,152.jpg
3438,5156,3,1.4997091332169863,191.39238927543255,187.5780292455381,189.92960504849057,215.0,208.0,205.0,65.00433478626503,60.09654942050658,51.38187033398286,55.490583737249146,188.72386164805252,0.031913181275686,0.0370371098344385,0.0152070631720164,2210208,80.57408347628454,98.0,43.26872190719146,51.14377044134578,33.0,46.599634633221086,207.695323588732,222.0,49.40346381242401,14763,14915912.0,1010.3577863577864,121597.3330478736,37331,2.5286865813181603,2.734158292720936,128.45137014641278,29.031783311887175,100,4680,1,11141308.0,7763360,uint8,49.3308895107887,374.9106085592008,0.0021820159533888,0.0,58.82758484691815,374.9106085592008,IMG_6858.jpg
3586,5378,3,1.4997211377579476,181.1552887276809,174.49192958775055,155.65329059519718,186.0,185.0,166.0,63.19677460306353,56.99068503676354,53.11443959207229,55.55455069311079,169.62089507831476,0.0322129166117592,0.0373245815951637,0.014525959464664,2408448,80.54674670742403,99.0,32.360556428819685,49.89737693194289,47.0,28.407416347053875,187.2945003574705,195.0,60.909082623157126,9615,14965423.0,1556.466250650026,146409.09941493665,41340,4.299531981279251,3.737086942221145,129.4616704828819,14.154379715399887,100,65334,1,11591034.0,10359791,uint8,65.53784473813187,1483.3726665639297,0.0009541540605956,0.0,57.76729974396645,1483.3726665639297,IMG_6680.jpg
5760,3840,3,0.6666666666666666,86.77963198061343,89.42140521014178,117.38173231336806,81.0,84.0,114.0,45.67302361237356,44.32905068236357,48.7274319180863,44.93381660823227,97.49035404911749,0.0315606605796947,0.0386660013744877,0.0159350150036962,2764800,51.51011013454861,5.0,75.05872203197362,78.1422258843316,63.0,42.862192629816015,118.21427282262732,115.0,48.81101768806039,5089,6235435.0,1225.2770681862842,80727.43293176776,16832,3.30752603654942,3.0207809028914623,130.11276762597774,17.948857874376,100,28,4,10220925.5,5261727,uint8,8.561446352358217,194.97615930627893,0.0014287623394405,0.0,46.24316873760781,194.97615930627893,7S9A4762.JPG
3265,4898,3,1.5001531393568146,96.84867717985964,111.42919058752612,145.35529587661807,81.0,110.0,168.0,59.72825254253768,62.61559341778876,67.13965284375278,60.71588836267065,119.91828774065984,0.0254590939841167,0.0223373263738303,0.0235452080851849,1997568,34.54306505077236,13.0,48.15687564728679,101.31651653923814,109.0,58.76041056502616,148.8570608249015,172.0,63.581496241465416,4744,8535512.5,1799.2227023608768,88103.65653649541,18772,3.95699831365936,3.2340289787002594,126.11032730040765,35.220961786198814,100,84913,43,9080231.5,1696549,uint8,219.47989490975783,5722.254179066119,0.0010357672191392,0.0,63.1611662680264,5722.254179066119,IMG-195.jpg
2765,4155,3,1.5027124773960217,156.37739850242522,166.00018740357268,171.70603029531512,172.0,182.0,199.0,64.09176883265403,58.70764253370055,68.64476362975863,60.21030159456508,166.6135987274314,0.0344209992557782,0.0362376545828375,0.0080743302979188,1432440,50.2728064185506,17.0,51.23481203413771,63.42484259362018,38.0,66.10367074041642,182.38307405400585,201.0,57.292077631117614,3645,11149704.0,3058.903703703704,183955.46600092872,9269,2.5429355281207133,2.655869633260437,126.73826541758224,24.812240369973832,100,43201,1,11184838.5,10737960,uint8,272.84936208363524,2670.0421671094978,0.0003146642952769,0.0,63.8147249987044,2670.0421671094978,033.jpg
5760,3840,3,0.6666666666666666,77.15227118598091,91.95785540545428,92.0840426522714,58.0,86.0,88.0,56.03696803997495,49.40086474911151,52.89446510111902,50.48136626397184,90.31893052842882,0.0290460641011386,0.0374872774207642,0.0201572644170311,2764800,46.141240189163774,39.0,31.883531526394588,72.44803109628182,58.0,57.60791519762781,97.44658501519098,94.0,53.090337305684216,4280,6652276.5,1554.270210280374,83954.76779404517,20357,4.756308411214953,3.652320657507546,126.9822118572428,12.404881771826137,100,17115,2,10694333.5,5568606,uint8,13.028911539713542,517.0143255389178,0.0012332478410705,0.0,52.77743263006849,517.0143255389178,7S9A4575.JPG
