size_w,size_h,aspect_ratio,mean_value_b,mean_value_g,mean_value_r,median_value_b,median_value_g,median_value_r,std_deviation_b,std_deviation_g,std_deviation_r,contrast,brightness,hog_features_mean,hog_features_median,hog_features_std,hog_features_len,h_mean,h_median,h_std,s_mean,s_median,s_std,v_mean,v_median,v_std,n_objects,area,area_mean,area_std,vert,vert_mean,vert_std,color_mean,color_std,corners,lines,faces,has_text,filesize,sharpness,gradient,texture_energy,color_balance,focus_score,average_hash,dhash,phash,colorhash,filename
722,1020,1.4127423822714682,149.72207240236816,217.5702501222096,231.291856770409,233.0,239.0,253.0,110.51003398474406,46.50747114292716,50.1168963590403,46.97549432678459,213.9698644831894,0.0159833135240127,0.0,0.0261210086072478,91440,31.78141192765195,21.0,40.942043855488464,100.29495138775732,10.0,110.60113986783644,240.69689180381292,253.0,32.970259287860365,1,734699.0,734699.0,0.0,4,4.0,0.0,199.5280597649956,35.66088337966059,100,4605,0,417659.5,125619,3400.019287382543,19295.67514529357,0.1168609680638968,69.0448004955705,19295.67514529357,481036287999,17364170254294898418,10752923299463035974,412317093888,77.JPG
2246,1080,0.4808548530721282,197.8645175785759,182.37410210745028,130.7152563404901,196.0,155.0,63.0,60.15963582436568,65.16418471673403,92.2018337313244,68.247268549134,168.66507453580027,0.0134595746395042,0.0,0.0225519073961314,302400,61.82065730022097,99.0,45.86810470753536,104.09926288710794,171.0,83.35313646536451,210.76241837340456,196.0,51.94754236411776,1268,1493126.0,1177.544164037855,41435.63911492621,3000,2.365930599369085,2.822035895333835,137.2376518516953,54.72266383203768,100,21,0,931196.0,882452,285.47687122786186,5402.806502094258,0.0951895497460832,72.50855142414137,5402.806502094258,16777215,9367659661030060840,15021100334747794715,206158430592,2019-09-06 11-35-31.PNG
1280,719,0.56171875,244.633079798331,243.5636202625174,243.1374250260779,255.0,255.0,255.0,35.57203971196501,36.547728284025446,38.27108285008399,36.53845759259581,243.56584883518772,0.0047312892222479,0.0,0.0165013750748999,113920,15.973710231223922,0.0,41.28815362258999,3.45888060674548,0.0,20.27682790770532,245.253298852573,255.0,33.8541754268063,1,917094.5,917094.5,0.0,4,4.0,0.0,243.7780416956421,0.6291413262949865,100,139,1,916268.5,201431,839.3170190803199,16904.3128346662,0.4560831633784599,36.79695028202482,16904.3128346662,7350723414845292288,14721807586081925334,13197363038367920446,489659826240,2018-11-02 18-53-18.JPG
1582,1080,0.6826801517067004,75.15410052910053,44.42351863557616,54.55116062649248,48.0,48.0,48.0,93.23238704199736,60.28701236416895,66.32738625312939,62.89597590149423,50.95741267500117,0.0084303677741267,0.0,0.021827671173001,212760,27.543150372243293,0.0,53.10983152997962,37.30030493515007,0.0,77.56501009313696,75.17963782366438,48.0,93.24570886383891,541,124632.5,230.3743068391867,350.7132169470381,4984,9.21256931608133,2.534987897192139,168.62135447716136,36.617374229265096,100,4829,0,123077.5,436607,1638.8516540244416,33319.65092943765,0.2429370813224435,73.2822618864319,33319.65092943765,8952661537726430332,15015247896692971728,10934581842596225669,1855425871928,Screenshot_20210918-164840_Messenger.jpg
874,1431,1.637299771167048,220.1272997231937,221.10710853334228,230.5688873537412,255.0,255.0,255.0,72.78819732238975,72.32434876712674,57.13428006510989,65.44527058709218,223.82337006493995,0.0140894206888397,0.0,0.0213600841923495,155216,29.85777336422818,0.0,52.12511362003897,22.3638787745044,0.0,57.19435708134411,232.5289151463108,255.0,53.55275060145721,1,1248390.0,1248390.0,0.0,4,4.0,0.0,223.9344318700924,4.708290985024853,100,17396,1,1248390.0,207756,6499.984535785732,29588.843832304305,0.3482083064073848,67.41560871820879,29588.843832304305,4609316552679089151,5495840097591823923,16397191888928859858,489626337281,preview.JPG
2156,1080,0.5009276437847866,95.77439273689274,101.0091441627156,134.41093331271904,135.0,140.0,140.0,78.89616837614949,85.75096328501621,81.92647974295336,77.58083158642835,110.41896387342815,0.0033201463317285,0.0,0.015018402811899,290520,38.76621358139215,0.0,62.49027547994555,87.81909357177214,0.0,106.47934541504618,134.42635410224696,140.0,81.93208796402833,106,1248541.0,11778.688679245282,65004.01141890634,867,8.179245283018869,2.690995361232692,152.55087143602884,49.16030202235799,100,248,0,1249883.0,247114,493.5872637944066,9090.886526832955,0.1744738406904291,82.19120380137302,9090.886526832955,32227783140704511,9774696452971696810,15276472077264071409,687194865670,2021-05-09 11-23-25.JPG
1518,978,0.6442687747035574,75.27904410873202,70.1260854746451,66.92480957885066,17.0,17.0,17.0,84.81619916256368,77.61255285657748,74.71045212685183,77.27194134063588,69.75725109187366,0.016301836782578,0.0,0.0232120086460568,184464,33.44803058593403,0.0,47.52064687726562,23.900634782069837,0.0,43.63315184820857,76.77092611901894,17.0,84.60336234489158,653,322914.5,494.50918836140886,7620.994909279645,4469,6.8437978560490045,3.796522020312165,127.65480678550324,26.767931492101415,100,14747,0,374170.5,553420,1605.0551736355285,30825.288499828912,0.2109448818963414,79.04640138199765,30825.288499828912,272506311147520,1783439295504249992,17361384600146867019,3436074500096,qweqweqw.jpg
2156,1080,0.5009276437847866,206.30589139696283,186.928771129664,180.06022856112142,252.0,246.0,250.0,66.27701675930265,85.51869388964425,93.6691810705786,84.7823258191041,187.13030947227372,0.0049305103308752,0.0,0.0174631531561976,290520,50.75937220847935,0.0,55.81571081994901,59.02605347694634,0.0,75.8184898192285,209.31933407201265,252.0,65.0596069239755,67,1595579.0,23814.611940298502,74528.90716804347,448,6.686567164179104,2.5580365326174275,174.0444036030877,47.63635921666136,100,1401,0,1581340.5,393409,991.279612451041,18029.747007489863,0.2801463210422421,81.82163057317517,18029.747007489863,33909481619285630,10706062284363049642,13927503013873105773,481036337536,2021-04-30 14-47-38.JPG
760,750,0.986842105263158,70.66195438596492,86.75678771929825,87.44347719298246,39.0,71.0,70.0,62.13628495185723,66.82755076151523,68.97007002723873,65.60913302423388,85.05054736842105,0.0214017424911477,0.024220817298782,0.0204491569755312,70680,71.17633333333333,55.0,48.81605715725224,60.33384561403509,19.0,59.32008257098768,94.12189122807015,77.0,72.01780714543654,1603,149092.0,93.008109794136,2288.4371150288152,6339,3.954460386774797,3.7109939016572895,125.99888184765082,24.688374143695498,100,18157,1,221521.0,636287,1575.0188754385963,20721.014596491223,0.074342146764553,65.97796858020372,20721.014596491223,55168232146796544,3571229868393890576,11862617549081314466,1264867868672,2020-10-20 22-50-36.JPG
1402,1080,0.7703281027104137,241.0640328631056,241.0640328631056,241.0640328631056,255.0,255.0,255.0,53.67651892075392,53.67651892075392,53.67651892075392,53.676518920120245,241.0640328631056,0.0052535368826532,0.0,0.0162672238583299,189000,0.0,0.0,0.0,0.0,0.0,0.0,241.0640328631056,255.0,53.676518920120245,2,1511543.0,755771.5,755724.5,12,6.0,2.0,225.57487357441,15.48915928869566,100,1718,0,1511542.5,139383,3171.573732630633,54167.93143128864,0.7589120493203259,53.67651892075392,54167.93143128864,10164492003242905479,4115512813100023165,13698008092063050814,481036337152,2023-02-05_14-35-51.png
518,1864,3.5984555984555984,241.19572016835968,234.8088999867433,231.49773911710608,255.0,255.0,255.0,39.17249582057944,43.85859271821463,52.34673269923703,43.93293055031708,234.60498554194905,0.0080425636455793,0.0,0.0188666785078014,119296,14.820531675145409,0.0,35.58988730048047,15.608309029446367,0.0,43.587593548243845,243.4909077916052,255.0,35.23591702104872,1,963171.0,963171.0,0.0,4,4.0,0.0,235.83411975740304,4.025006484568854,100,634,0,963171.0,107219,1398.589441065836,24036.25844283892,0.3945256370756491,45.12594041267703,24036.25844283892,9214859076196892611,13853924812852304390,16954510624696349795,481069891776,2023-03-02_08-53-21.png
1425,2360,1.656140350877193,179.8590496580434,182.98948498364555,225.0337799583705,251.0,249.0,249.0,96.17418592414012,91.09034214129012,44.4506334790049,75.39439671695574,195.19630895034197,0.0155937973677884,0.0,0.0228024128570864,420080,36.11741986321736,4.0,59.49614163481296,71.60615670532263,9.0,90.42135649411884,227.16603984537616,253.0,44.64497444604858,1,3359216.0,3359216.0,0.0,4,4.0,0.0,195.96077153335315,20.597407126347917,100,23846,0,3359216.0,502173,640.2658768956289,12055.61066428784,0.1911648105099186,77.23838718147837,12055.61066428784,18446518896153576387,3699539313506033310,12434423111670959473,489626468353,2016-12-01 09-09-34.JPG
1120,1038,0.9267857142857144,137.0758575901459,133.58282927332783,130.86236581337738,142.0,128.0,114.0,113.88581614681344,115.83121192782708,117.36215284536658,116.00134326840582,133.1905002752546,0.0183322336869994,0.0019228015541975,0.0224756069116747,144480,64.85569174924305,103.0,53.73058903527966,54.35229149463254,3.0,68.23479185892775,137.4026192196532,145.0,113.84609101001578,187,626236.0,3348.855614973262,31654.0013452272,850,4.545454545454546,3.534674410622618,130.92705677852922,22.04360251527864,100,3422,0,624819.5,219879,1645.3291778488851,31826.77198252133,0.0901202431852652,115.693060306669,31826.77198252133,18446742974197925631,9020916882474548303,13162594927688026825,2061684965376,8.jpg
2246,1080,0.4808548530721282,241.0725528511593,241.5015261699812,240.2943158207183,255.0,255.0,255.0,53.11807033760688,52.19075721340485,54.80016678012088,52.86630178753482,241.10919164935197,0.0017321315190025,0.0,0.010877917321865,302400,6.40281323175357,0.0,24.34271291529528,2.0316463836944694,0.0,16.56601547133262,241.6441241218957,255.0,52.02491890505864,12,2328066.5,194005.54166666663,642546.8146930832,79,6.583333333333333,2.253084305765962,164.33116431856553,45.99326798427092,100,152,0,2328009.5,97732,347.7895897232941,6573.819176478349,0.7764689242487812,53.3696647770442,6573.819176478349,71810478799585279,2233919992156389378,11475013934861197168,481036340736,2018-10-21 00-22-26.PNG
1024,768,0.75,234.6711438496908,225.7231648763021,218.0014533996582,255.0,255.0,255.0,53.37517363767338,62.93579315035743,79.20393405547644,65.01467658512779,224.40419133504236,0.009974628328272,0.0,0.0194475862806821,98304,17.69646962483724,0.0,40.12345735079323,21.85318756103516,0.0,65.37556908840013,235.49754079182944,255.0,51.85461960869876,61,716532.5,11746.434426229507,83583.49130750305,553,9.065573770491802,3.771632044267415,152.28154941570568,53.72833076005439,100,2227,0,713339.0,197658,7600.1761385599775,45213.7822265625,0.5238723765741616,65.17163361450241,45213.7822265625,281474976710655,8335318712276023119,9973830561117883845,481053114752,2013-03-20 23-54-17.PNG
766,640,0.835509138381201,247.82463079308093,207.51845218668407,147.17172813315926,255.0,241.0,241.0,32.17339829557518,53.90049906565586,121.56699260411774,67.8001370615288,194.1103989882507,0.0089234352086476,0.0,0.0216539151207956,60800,43.43659024151436,0.0,50.74280033811917,101.10541979438642,0.0,123.05379971386532,247.87178116840727,255.0,32.040536040788936,1,487606.0,487606.0,0.0,4,4.0,0.0,200.83827037097475,41.36198194223867,100,216,0,487595.0,316135,2031.9384260770237,36400.63124184073,0.270471330226022,69.2136299884496,36400.63124184073,13961721793757626817,10777417062408328473,18051951755777112453,412316860864,IMG_8129.jpg
2156,1080,0.5009276437847866,207.9214436026936,210.155004552326,219.29581701367417,253.0,252.0,252.0,73.65478811899843,71.78059689778284,63.4900076604369,65.95279813137633,212.6567228406514,0.0112402660385878,0.0,0.0223987205089582,290520,22.420527554456125,0.0,47.19700376262123,39.53407029478458,0.0,70.61709157679043,226.23910533910532,253.0,50.02300457538051,1,2325245.0,2325245.0,0.0,4,4.0,0.0,212.45742172289792,4.920700237677136,100,3306,0,2324146.0,575473,780.4123668659383,14391.690806019378,0.207783807965231,69.64179755907271,14391.690806019378,17402339435126980607,2389542296893741419,13721001766599897477,438086664257,2020-10-22 18-25-27.JPG
1280,720,0.5625,241.0297677951389,239.37554796006944,239.10086588541665,255.0,255.0,255.0,42.2689963017921,44.46156245556854,44.54086097226459,43.96208786106628,239.47243706597223,0.0100816623473842,0.0,0.0220560132921218,115200,29.52652126736111,0.0,49.31115208347357,3.916922743055556,0.0,18.54189534248322,241.51074544270836,255.0,41.59165027763037,3,913716.5,304572.1666666667,349282.1794548388,11,3.6666666666666665,0.4714045207910317,207.6588706414748,47.37247528833839,100,1288,0,912427.0,88036,2132.5935948350693,43664.417886284726,0.3800886530789825,43.75713990987507,43664.417886284726,18446531872512214784,4128815040584449964,12666885063322471319,481090863104,2021-05-07 16-42-38.JPG
574,580,1.0104529616724738,170.30266730746126,202.5375315391085,177.9427189715247,139.0,192.0,165.0,56.7960264101478,39.11703024615167,55.43420447901045,43.91782453234282,191.5121620809804,0.0249078326168571,0.0268961233218928,0.0231346950345371,40896,44.55817313468701,50.0,31.07233063916473,55.23903640514238,67.0,43.14559675299915,204.9058001922384,194.0,36.76130678523845,1,331759.0,331759.0,0.0,4,4.0,0.0,183.59430593936483,13.753228577306926,100,380,1,124498.5,274980,3701.12546858104,19043.233912050942,0.0316917584039076,50.449087045103305,19043.233912050942,18226244579674349823,594584285043722955,16383700654236769987,415672303616,2022-02-08_20-47-35.png
1543,1079,0.6992871030460143,27.87283117213857,22.57550827468606,22.281470865765268,0.0,0.0,0.0,61.78530587675216,49.54880579636711,49.118936234314745,50.10023971520086,23.092797332207336,0.0058286391751998,0.0,0.0177623281493726,205824,6.549192532631148,0.0,26.893326903897968,9.580771663352149,0.0,43.06328570359686,27.95066962100358,0.0,61.893033482715694,229,62024.5,270.849344978166,495.4996994892066,2107,9.200873362445416,2.3031778173208286,155.79733129198564,33.463811281151486,100,524,0,62742.5,183319,953.7705203384954,18285.43704745699,0.4839348743460443,53.484349302478,18285.43704745699,36592434403901182,5784445200841359552,15072925704385609361,3917010174352,Screenshot_20210711-230417_Messenger.jpg
1270,2362,1.8598425196850397,235.0828661817357,236.86918199577295,235.54502990259155,255.0,255.0,255.0,48.7036923014096,43.02861645697475,49.13770424008166,44.42332636295034,236.2706374552461,0.0035085460816438,0.0,0.0152131996916929,372880,4.001279110856275,0.0,16.094948093569847,8.908560075206518,0.0,42.79596496164416,237.9838432664164,255.0,40.51847973957829,11,2994773.0,272252.0909090909,860907.7701938656,61,5.545454545454546,1.6713433009863852,196.36650597356729,22.545588809462444,100,1851,0,2994301.0,261639,990.40605819171,15578.054994766211,0.3237917721295821,46.95667099948867,15578.054994766211,4503355794548277247,16772468041863190552,9331173658665943550,481170589184,2023-11-07_10-13-13.png
862,1270,1.4733178654292345,237.12252772347773,242.55022653780807,232.4580475729397,255.0,255.0,255.0,51.61890370499594,41.7124902246489,66.98317876669331,48.3232243301799,238.88726090213203,0.0047308387622418,0.0,0.0160183697453035,135248,10.661504101430475,0.0,26.699237878169235,19.73012404771909,0.0,64.36126676076765,243.277086796865,255.0,38.97416131772929,1,1092609.0,1092609.0,0.0,4,4.0,0.0,237.37693394474184,4.124040167828655,100,598,0,1092609.0,84640,1941.702622540512,34893.57710506604,0.6085127849352181,53.43819089877939,34893.57710506604,18375143600550823875,3119707427917799070,13748188517666441056,481036340736,2023-08-14_13-55-49.png
950,998,1.0505263157894738,247.61669338677356,246.6730946102732,245.55003902541927,255.0,255.0,255.0,35.960651953793224,38.586364794007714,42.46260516360794,39.02735031804497,246.4558443202194,0.0039913668917808,0.0,0.0141131040636509,117056,6.4902151671764585,0.0,25.873556139730685,4.29020672924797,0.0,22.40372514090696,247.61669338677356,255.0,35.96065195420382,1,946153.0,946153.0,0.0,4,4.0,0.0,246.6132756741553,0.8447677357967919,100,144,0,946153.0,67373,1470.1691614808565,25955.53643708469,0.8561277876705088,39.00320730380296,25955.53643708469,259972496139164571,11975971579346694963,12475302063179560767,481137000512,2023-12-04_16-25-58.png
1036,1067,1.02992277992278,144.23122600442187,158.60771006647295,176.7081124503805,164.0,217.0,237.0,108.34922586586676,100.8878052471024,90.09581598066367,97.49466515299444,162.39451806204383,0.0190599414691755,0.0054210843192831,0.0234111370797678,137256,27.583015201571904,9.0,42.575443410341,73.54535684432592,3.0,91.1302506122354,177.30607954319294,237.0,90.41800587767284,489,707897.5,1447.6431492842537,18163.803737056896,1461,2.9877300613496933,2.7237974139959453,127.55319700823328,36.16704155824394,100,9084,0,693491.0,252366,1531.7211148422489,31807.97249170445,0.0712669749629877,99.7776156978776,31807.97249170445,18446462624502644991,9095204083565883509,9275092314742022339,979252772864,9.jpg
1675,1036,0.6185074626865672,57.86931769722815,57.439764305883706,62.61737566991298,17.0,17.0,17.0,69.75539837903598,68.70596912622794,71.01576015519996,68.73584870488372,59.03573791275284,0.016098589702253,0.0,0.0234918711767976,215688,31.339929118884346,0.0,52.99893107476683,31.26229412781652,0.0,63.21862195655305,64.64443784936323,17.0,72.33480811695522,655,335102.5,511.60687022900765,7835.637054243303,4923,7.516030534351145,3.61582224437049,126.41041901082478,33.06024483032191,100,13657,1,381955.5,673534,1714.7945744251715,32036.81727885668,0.2407994445826998,69.82570922015462,32036.81727885668,281474392391680,10572418479534477473,17939252502858106650,4011499454466,14.jpg
1600,739,0.461875,233.99641322733424,233.9992041610284,234.031325270636,255.0,255.0,255.0,55.16926115436547,55.1643692414868,55.10990712149968,55.14099492630305,234.00849374154265,0.0150521132917493,0.0,0.0235199770256795,147200,0.0912161705006766,0.0,3.392430677630139,0.0496160351826793,0.0,2.758912122104763,234.0331393775372,255.0,55.11006959893798,1,1180062.0,1180062.0,0.0,4,4.0,0.0,234.0089808863329,0.0158408956004172,100,17035,0,1180062.0,238364,4698.524654939107,80407.29308863329,0.2982666739631058,55.14784583911732,80407.29308863329,18414938567676592639,5553848029039523663,12381191743462164042,498216402944,2020-10-20 13-07-16.JPG
1280,720,0.5625,232.73789713541663,231.8985709635417,227.3352398003472,247.0,247.0,247.0,44.923754030756,44.20838632119607,45.21059468125048,44.14114374297741,230.62722764756944,0.0170575029876827,0.0,0.0265576533501708,115200,49.671146918402776,30.0,52.01239478563247,12.538344184027778,1.0,21.52620412858144,236.3452897135417,247.0,43.010408205838026,1,919601.0,919601.0,0.0,4,4.0,0.0,230.6572359664352,2.3738661856875227,100,3127,0,919601.0,174469,2008.4780143229168,41542.10000868056,0.1053127445600803,44.780911677734174,41542.10000868056,7399431904442760958,14727720984096898292,15448970922099630295,483217375232,2019-09-02 18-22-11.JPG
3200,1440,0.45,192.29179210069444,203.370814453125,208.92390234375,255.0,255.0,255.0,97.84883454726196,83.2774978593303,85.93627670921151,82.80354707203135,203.75419965277777,0.0057289983472991,0.0,0.0173842831220673,576000,23.330283854166662,0.0,43.40066612539227,36.70360698784722,0.0,79.00414881429705,214.87241319444445,255.0,75.81575537626534,99,3811894.5,38503.98484848485,376956.9607034269,811,8.191919191919192,2.676786735209454,159.85719864036744,39.52942698444469,100,7102,0,3810062.5,712163,346.6262408854167,8310.303408854166,0.3669151254796541,89.02086970526791,8310.303408854166,71991365642223360,12895096655801892976,12205140464871959951,412317058048,2023-05-13 18-41-35.JPG
3200,1440,0.45,41.84349240451389,37.95138216145833,36.62720920138889,29.0,27.0,27.0,44.71953739981058,40.69401011387064,39.501038324632496,40.18691195371019,37.79757335069444,0.0023864231329137,0.0,0.0126188565209526,576000,117.47757703993057,120.0,15.685861877367849,24.99633376736111,18.0,32.45063634289378,42.81693598090278,29.0,46.79534575663818,271,386421.0,1425.9077490774907,7656.874566077274,2236,8.250922509225092,2.8524200053610813,130.04642589978465,38.69895357393593,100,802,0,388764.0,395101,565.9633040364583,11234.081590277778,0.7934998552514986,41.6381952794379,11234.081590277778,1012184559376187584,10986852128451076136,15137576232502455661,3848290697600,2023-05-12 22-17-23.JPG
1726,991,0.5741599073001159,59.16015343187178,61.20952360350922,59.44485830177273,17.0,17.0,17.0,62.77246464425847,63.75686262117876,62.82856929043227,63.21897427783152,60.45204873993403,0.0161688240810798,0.0,0.0228573887786455,211560,22.93792802663134,0.0,34.835234244300544,17.26345685912494,0.0,35.89423564445707,62.54155709613637,17.0,64.86869955292475,1429,266163.5,186.25857242827152,1355.334235116408,8859,6.199440167949615,3.6070221102653175,128.9858893379121,24.48028045711349,100,21666,0,504207.0,704010,1652.1683102733407,32605.30871002405,0.2658454220151354,63.1192988519565,32605.30871002405,1099511562240,10417005040998074500,15303637926938901100,3530513448960,15.jpg
1280,720,0.5625,212.56994140625,215.7775466579861,212.9558528645833,244.0,240.0,235.0,71.68226742232945,62.63337926909488,66.18870441293227,61.182091077228336,214.54829644097225,0.0109118559619451,0.0,0.0222387020935728,115200,55.636005859375,75.0,53.14015393157508,33.35208767361111,5.0,67.27222306154019,226.65335286458333,244.0,52.220099210407085,221,829856.0,3755.004524886878,54854.27002850106,663,3.0,3.494015568995091,148.3599981068855,43.65970651886895,100,4400,1,791297.0,90116,1725.0677256944443,37205.81756076389,0.1682972117271706,66.8347837014522,37205.81756076389,512372418543615,9688125828120736809,12496764484742967912,412417589248,2021-01-07 15-20-40.JPG
2156,1080,0.5009276437847866,205.6236982924483,206.600253384182,213.64192176870748,255.0,255.0,255.0,76.7439123928033,75.84609845876193,67.99354797878837,72.87281097456643,208.60091518930804,0.0131072394031349,0.0,0.0213091062953817,290520,24.820877568199,0.0,49.89295015834204,20.998489143132,0.0,48.4017783855264,214.45636681440251,255.0,66.97046069625178,1,2325245.0,2325245.0,0.0,4,4.0,0.0,208.62195781511252,3.5719689746078718,100,4882,1,2324146.0,599147,469.023232752697,13044.521548821547,0.2831671452577005,73.52785294345121,13044.521548821547,18446743528785609191,4978847187793692566,12650805210419040205,532575944706,2020-10-20 22-01-25.JPG
448,472,1.0535714285714286,208.2250491828087,211.439453125,212.83663740920096,215.0,216.0,217.0,45.88808659314802,41.95434601747349,38.79423005908416,40.324468783668834,211.4884467690678,0.0211373163204855,0.0033435103153904,0.0262912225913751,26432,9.866359904661016,0.0,23.20897533162256,14.98542013468523,0.0,34.92114151929687,215.90576763014528,219.0,35.53018333000635,1,209688.5,209688.5,0.0,7,7.0,0.0,210.83371323900323,1.9307817241669176,100,110,0,138733.5,189483,270.86897983504844,6590.733826422518,0.0086454266192125,42.21222088990189,6590.733826422518,35744010504816455,17988135238688677529,15728598817357322850,541434314752,2022-03-22_22-08-56.png
1600,739,0.461875,196.1183237483085,204.0196414073072,233.7451361637348,250.0,250.0,250.0,74.16465518629266,65.21462546598214,44.68678457649338,57.05435514357373,212.0003442151556,0.0174872837659162,0.0,0.0240266340689235,147200,3.236766745602165,0.0,12.184547860396949,41.95155615696888,0.0,62.55411645717697,233.7708567320704,250.0,44.68248402351433,1,1180061.0,1180061.0,0.0,4,4.0,0.0,211.29436710645012,16.199495437301895,100,8796,0,818344.5,240863,2850.534320027064,50650.86767253045,0.1481659662426525,61.35535507625607,50650.86767253045,18374686492556525567,5251621260642177823,12344598093328569034,541165879296,2020-10-20 13-07-15.JPG
2156,1080,0.5009276437847866,57.98909159623445,61.05077776059919,70.30750747268604,2.0,2.0,3.0,95.81123112328665,96.3027259943176,104.40249343017896,97.24131312371604,63.4721337524909,0.009577502269985,0.0,0.0219655003970893,290520,6.947247990105133,0.0,25.790626104971043,22.539034477427336,0.0,65.36736057235122,70.4865152374081,3.0,104.56400037099851,132,967133.0,7326.765151515152,50961.43275060159,1079,8.174242424242424,2.940047959104842,118.24382349252208,38.4814634070357,100,2152,0,967952.5,361842,1157.3144334501478,22295.209463684463,0.2215984247431454,98.83881684926108,22295.209463684463,18374686479671623935,3702114792156393577,9412734249119954950,3917010403328,2021-02-02 12-23-17.JPG
520,914,1.7576923076923077,49.861664702911966,43.93116478707288,47.84586980306346,44.0,38.0,41.0,28.232284446401856,25.5002547086571,32.04906784824864,26.98269214724957,45.9771229590978,0.025733686030399,0.0276136231964218,0.0242441209864923,59280,131.58435238175392,135.0,20.45906134262825,35.701437047635075,35.0,17.306601445173794,51.96616099983168,44.0,36.210802416961,275,14595.5,53.07454545454546,33.18188014938174,2439,8.86909090909091,2.5819564623660325,116.45929685816108,34.459281146287246,100,108,0,17202.0,102348,1103.1621801885206,16516.14060764181,0.2790393396421832,28.593869001102533,16516.14060764181,13907037004047081472,10419184049666181312,13886910887689416526,532594819072,2023-01-01_19-59-00.png
1280,720,0.5625,228.84619900173607,231.52056966145832,224.9552029079861,236.0,247.0,230.0,44.02260465836583,42.741065430038,43.28101180162557,42.39487082166957,229.2513411458333,0.0174317825624263,0.0,0.026634830677385,115200,54.01680989583333,44.0,49.36920979126071,17.730796440972224,20.0,26.39191970492423,236.1749435763889,247.0,41.56839058869094,1,919601.0,919601.0,0.0,4,4.0,0.0,228.4406571903935,2.695596195335374,100,3794,0,919601.0,174092,1863.2865549045137,38558.81588541667,0.0885460898259458,43.34822729667646,38558.81588541667,7350330549769998591,14741157222636348050,15381241161239139891,491807309824,2019-09-02 18-22-06.JPG
2246,1080,0.4808548530721282,234.3653668249728,236.8399096335873,237.72274784802613,243.0,245.0,246.0,56.24456984152654,52.65355120239951,52.68650980703312,52.67788405249833,236.78804541406944,0.0018456979837147,0.0,0.011037430870531,302400,9.924455410441608,0.0,10.5342768438082,3.508069902048085,0.0,22.28721779086581,237.7861341974209,246.0,52.60093950330526,11,2327980.0,211634.54545454544,668382.3700535377,93,8.454545454545455,3.652238077563757,154.54050397415605,44.52821094926284,100,104,0,2327961.5,97707,486.9881591965964,8877.318472345898,0.4224292870439227,53.86154361698639,8877.318472345898,72056631965252860,4499219707031340333,11402369222302639450,481036566528,2018-10-31 12-39-47.PNG
1080,2246,2.079629629629629,58.982468421226216,60.881690907291976,62.894240790211406,48.0,48.0,48.0,60.7794904531001,60.59141676586693,65.2690789803256,60.98643962424232,61.26886852346559,0.0049257800745128,0.0,0.0174747337522797,302400,3.1760908281389137,0.0,17.757588101849407,7.695463127865176,0.0,38.496914549917896,64.34291538867451,48.0,66.98997280424639,365,277764.0,760.9972602739726,7497.946736382991,2927,8.01917808219178,2.794743477543697,131.3148769647722,35.58651253556826,100,1309,0,277291.5,210867,533.1503908182448,11045.946847069688,0.337265127243158,62.21332873309755,11045.946847069688,90381442139382113,9769910309036068241,12267562660420061977,412317089856,2019-09-10 18-46-26.PNG
664,1092,1.644578313253012,245.9243402180149,244.28285808067437,244.1652640782912,255.0,255.0,255.0,32.86470530000257,38.48975338918356,38.34548612789124,37.50091647612865,244.43628083763625,0.0105275455836964,0.0,0.0201214636489632,90304,24.669491151418864,0.0,47.94660304478125,6.480104483869544,0.0,25.38144431716316,246.93379286376276,255.0,31.396550661445023,1,723333.0,723333.0,0.0,4,4.0,0.0,244.79082079232683,0.8029557080596397,100,5432,0,723333.0,102906,6474.509287148594,33923.08022198685,0.4669286956598298,36.56664827235912,33923.08022198685,1990467406938480527,3617580431068117052,13784476454736192355,481057308680,12.JPG
1280,888,0.69375,101.86148208755633,101.86148208755633,101.86148208755633,85.0,85.0,85.0,74.64027360963875,74.64027360963875,74.64027360963875,74.64027360955677,101.86148208755633,0.0258125889795492,0.0221682970783171,0.0235104610882154,142080,0.0,0.0,0.0,0.0,0.0,0.0,101.86148208755633,85.0,74.64027360955677,214,370738.0,1732.4205607476636,9447.159671837073,1365,6.378504672897196,3.8392592752624095,132.59614717781824,17.377708768209953,100,3211,0,419189.0,111785,317.4585972691441,11355.196971776464,0.0016722720513838,74.64027360963875,11355.196971776464,1809882684070870552,8300517184419490993,16027476588189012984,962072674304,2021-01-19 15-42-58.JPG
2246,1080,0.4808548530721282,197.63800253949407,182.5372270868375,129.92421836351045,196.0,155.0,63.0,60.17705795745914,65.0557382746514,91.90777219914423,68.219599758549,168.49808218726295,0.0134742159705597,0.0,0.0225768763268205,302400,62.19926082583028,99.0,45.62318502043705,104.20049182085025,171.0,83.22625929543106,210.48695705946372,196.0,52.155402439782286,1251,1499717.0,1198.814548361311,41903.38417023196,2944,2.3533173461231014,2.796571175232334,137.26647350117935,54.77188200461334,100,23,0,930914.5,882267,298.9994059397777,5668.711050097292,0.0938459587771724,72.38018947708493,5668.711050097292,16777215,144357992919458088,14372581988406440219,206158430592,2019-09-06 11-35-41.PNG
1792,828,0.4620535714285714,211.1772922597481,208.7588948736197,208.06088317913216,251.0,251.0,251.0,69.79697981977456,70.41855019783898,71.17365993804412,70.29629720734235,208.82847410929952,0.0156185922910633,0.0,0.0246260225863884,184576,36.926807685257074,0.0,51.888195703859424,14.65392013349724,0.0,28.08773429340185,214.31729856797796,252.0,66.86965860630875,361,1388439.0,3846.091412742382,52772.0796018511,1274,3.5290858725761773,2.612533501667498,131.7205054527231,20.03946718252751,100,10121,1,1337949.0,218363,3002.8822160487834,49431.4269161922,0.1683028112747813,70.46306331855256,49431.4269161922,18446744069414649600,6658423820833921861,12006521102499659790,498316869632,2021-05-06 21-11-41.JPG
446,423,0.9484304932735426,143.17878913165623,143.17138419786068,176.83619565563083,186.0,188.0,201.0,112.5065921224955,112.90236416017216,87.06019258535862,101.94761492980211,153.23923183750492,0.0204714790454195,0.0109226040677847,0.02222482891942,22880,15.76884097149339,0.0,46.19930412705683,67.42700018022029,0.0,103.58005395664551,179.34052094265817,207.0,86.04003330925471,109,106432.0,976.440366972477,8349.548711016456,850,7.798165137614679,3.4899063274770614,148.89207482523096,31.96889901457344,100,295,4,104761.0,180856,10289.842508666476,74060.47061879167,0.1514827953437378,104.15638295600876,74060.47061879167,4294967295,14725164142438665677,15516468139950249887,412316958723,2022-07-19_20-53-24.png
1404,1079,0.7685185185185185,76.03851302646483,69.9652119325428,68.1850729677421,64.0,57.0,54.0,40.01715874796725,41.72760480982727,44.34745708907465,42.08697001261483,70.20809206583071,0.0085821681514239,0.0,0.0200655353009213,187600,108.19883148636625,111.0,17.874401702693927,38.538278029936976,40.0,16.01228489534479,77.52412609015946,64.0,42.54976073288599,657,110445.0,168.10502283105023,582.0623574023284,5267,8.016742770167427,3.0948515772862173,147.29012480697736,25.72350800577547,100,3819,4,108169.5,391267,1290.0842370138014,24385.98574970493,0.678558353970388,42.03074021562306,24385.98574970493,16195213506706981104,5193855443994804288,18424298890325590995,532575944704,qeqwe.jpg
820,2346,2.860975609756097,112.39097269872954,87.51135040442476,71.06872049986484,99.0,78.0,49.0,68.57955662948717,71.66828568177036,72.08597349194802,70.95223655627778,85.22065841182709,0.0057888018060579,0.0,0.0184853257009021,239088,99.5258421183956,108.0,29.162257452775187,125.05807186076976,154.0,53.18490612158399,114.03240180483648,99.0,68.71427213274143,190,350483.5,1844.65,16927.3595943582,857,4.510526315789473,3.7665277513831033,140.10888573634122,35.676343447775174,100,1035,0,327457.5,251503,838.066630798661,14044.824136568732,0.2318036327668004,70.77793860106851,14044.824136568732,4467570933896839167,17072216768026334002,11264600679896396329,137556393984,2023-12-04_09-12-40.png
1872,1080,0.5769230769230769,76.03740899018676,43.49900581671415,50.766317465970246,48.0,27.0,41.0,96.95974517424274,63.32265698286462,69.08071072422594,64.14884776894985,49.37665103672048,0.0081731871762711,0.0,0.0215154756634437,252720,29.443359745963917,0.0,53.61227647694644,45.72000732035454,0.0,88.37573085235448,76.07840742719215,48.0,96.97887361133446,642,148611.5,231.48208722741435,263.73128683818635,5889,9.17289719626168,2.4576818381289254,170.22129663787211,38.83417617614856,100,7121,0,146660.5,532078,1596.8662487139918,32702.742871557453,0.2505817668762369,76.45437096044442,32702.742871557453,4476081585006853692,7523497101981149928,10918062080947221125,1786706395376,Screenshot_20210912-130109_Messenger.jpg
808,1440,1.7821782178217822,242.5658931518152,240.733944410066,240.26590002750277,252.0,250.0,249.0,39.47557357502623,40.31168149265615,41.5186712634023,40.397478679416366,240.8030244430693,0.0101381555855878,0.0,0.0222915964012319,145440,55.54027090209021,0.0,58.02973000377092,3.353978444719472,0.0,15.722488038654555,242.81467443619363,252.0,38.97709386459654,1,1161273.0,1161273.0,0.0,4,4.0,0.0,241.1885791964613,0.9924755865080146,100,9290,0,1161273.0,173880,5325.59462235286,41120.43618502475,0.2084087144480025,40.43530877702823,41120.43618502475,8100960212602879,10189569651916971164,12702066542846256545,481069891776,2022-07-13 11-33-23.JPG
1647,1037,0.6296296296296297,85.56198552758617,93.20812277253462,92.23793706918104,17.0,17.0,17.0,91.87268511128248,90.29841362532945,90.04911924747137,90.07627099303016,92.04960013208904,0.0159170510367115,0.0,0.0232356972620783,211560,19.66129937895909,0.0,34.83397583532321,25.187989149495387,0.0,56.03219946448437,95.83450345709068,17.0,93.48801783502276,281,666486.0,2371.836298932384,35048.88079068442,2578,9.174377224199288,2.9937393249844138,125.42158539035488,40.30772761225244,100,4728,0,674937.5,606331,1480.2350962183075,26922.618498670035,0.2452296155750018,90.74007266136108,26922.618498670035,1099511592960,9561301110486782086,15008356768794900326,3505767084032,13.jpg
938,1651,1.7601279317697227,153.71340042024025,205.5879476029905,159.25167728029405,127.0,203.0,155.0,79.13886689485004,46.73697314105877,76.0453172046654,55.70076999857194,185.7995193195569,0.0255588367459348,0.0292426976536959,0.0221713299024955,192816,64.89688810425677,59.0,27.014176884266465,81.12465082220635,86.0,66.65461536445626,208.4582975492013,205.0,44.23728720066401,108,1427110.0,13213.981481481482,136680.2518523129,258,2.388888888888889,1.8044868632124125,101.98669806337604,50.83824666853757,100,21134,6,919175.0,310771,5573.1903614660105,29505.03979625968,0.0185914354460626,67.30705241352473,29505.03979625968,4052252811012765308,17361601709067257036,14274468378355080091,212600881152,Снимок.JPG
565,1222,2.16283185840708,253.46292455426328,253.32282345784512,253.1052112451661,255.0,255.0,255.0,14.331378334507267,14.543888613060211,17.22404769809592,14.469298974587858,253.27696363136016,0.0018147398506423,0.0,0.0107843675627517,85120,4.810748374201585,0.0,22.17210440498404,2.108884318468201,0.0,18.361708025178,254.20527352519449,255.0,8.13606910056434,1,688644.0,688644.0,0.0,4,4.0,0.0,253.2969864190915,0.1471741990635326,73,23,0,688644.0,29714,356.88382602146487,2747.854745593326,0.8754498877572728,15.366438215221132,2747.854745593326,18430919644261908479,3392053736112128,12840546273826977331,481069924480,11.JPG
1525,1079,0.7075409836065574,53.98433947644297,30.718343943238278,18.19342013704249,0.0,0.0,0.0,95.45163567077928,57.88942911246532,44.79086613949649,55.5043076150782,29.627590817241224,0.0065764638870128,0.0,0.0190557829453469,203680,26.536488855801515,0.0,47.38335180452713,47.37262249502423,0.0,89.22774915958519,54.14451024780079,0.0,95.5606634075364,259,57211.5,220.8938223938224,148.0347036182756,2331,9.0,2.8379665350483,176.00505490404834,45.48718669520313,100,508,0,375539.5,198839,630.9550397301691,12715.7637642626,0.4748343249943161,66.04397697424702,12715.7637642626,144678146621194047,3929038894617750624,10763776201774820042,3848290697600,Screenshot_20210711-230337_Messenger.jpg
3200,1440,0.45,248.38134982638888,242.3840336371528,243.33840690104168,254.0,251.0,253.0,27.252893238422388,27.04703800483401,27.93636119005882,26.966583081374303,243.43301996527777,0.0015393990834979,0.0,0.0104992579222306,576000,133.6125078125,140.0,16.14694294506832,8.605405164930556,3.0,16.04176281068023,249.04779318576388,254.0,24.64696958434453,1,4603361.0,4603361.0,0.0,4,4.0,0.0,244.7012634548611,2.631220738001635,100,115,0,4603361.0,244299,277.0482309027778,5377.886254340277,0.5904337228602944,27.412097477771734,5377.886254340277,17383616393798221568,4896639141855644084,12326304653756821702,487478820864,2023-05-11 09-14-30.JPG
848,1252,1.4764150943396226,250.18516882422088,249.9737825140153,249.7964436147447,255.0,255.0,255.0,27.66294751870612,29.20507862792897,29.6748551023904,29.047542491122464,249.9452865980469,0.0028948151078777,0.0,0.0133059688364769,132288,4.033380553378745,0.0,21.457867419125748,2.1643973416119118,0.0,15.070352131746027,250.5534051178492,255.0,26.12150500449091,1,1059597.0,1059597.0,0.0,4,4.0,0.0,249.9851316509936,0.1588991804115407,100,81,0,1059597.0,47874,1320.9808250195913,19957.514580444877,0.9044662795871874,28.847627083008494,19957.514580444877,2248210127515760415,7161364861292930096,10308632003649876889,482110091392,2023-10-27_16-42-41.png
814,1502,1.845208845208845,239.926040463657,243.8632265905901,246.1406494861888,255.0,255.0,255.0,48.08514966121937,36.398319160396014,32.13252845027797,35.54167728543245,244.08996849409635,0.0083606316208537,0.0,0.0199850974877486,151096,18.431467298311507,0.0,40.30703682490378,12.505802255469366,0.0,42.64398102818103,247.3473092387873,255.0,29.22556077930622,1,1218812.0,1218812.0,0.0,4,4.0,0.0,243.4965338002248,2.591662733455676,100,1363,1,1218812.0,109026,1825.216489398247,11302.078800747242,0.4829642115737141,38.87199909063112,11302.078800747242,11529108958422736895,3675846846446252088,13709451213768811393,498216304640,12312142.JPG
2048,921,0.44970703125,216.14833782912595,218.11765881599484,218.30383976740637,231.0,232.0,231.0,62.81398368954518,61.3080571246147,60.22012624438079,60.98543186596229,217.9461411466816,0.0090584893447041,0.0,0.0220118117576522,235520,2.189942996742671,0.0,11.0911230551187,4.580648051540445,0.0,19.37434893233139,219.0356662679832,233.0,60.04286590126708,22,1814165.0,82462.04545454546,377302.682922897,149,6.7727272727272725,2.5925034966544,149.97203963374804,49.44290339361016,100,2363,1,1814077.0,115081,689.5881170051235,23402.35580381379,0.1507431285064557,61.44738901951356,23402.35580381379,63331861169962495,5605847747272437984,15233256652054272028,496068722688,2024-01-16 20-04-39.JPG
2246,1080,0.4808548530721282,185.27720350582103,179.79436281784902,174.16320042214966,255.0,255.0,255.0,99.68670786760671,99.16649996949796,103.34923753613252,99.52184754644416,178.746851192243,0.0106296757405995,0.0,0.020857273695877,302400,14.248284604729395,0.0,36.89900899009756,17.09515682200455,0.0,51.75913921640992,186.09523061574487,255.0,99.11356547763528,178,1772887.0,9960.039325842698,114357.18370605774,1539,8.646067415730338,2.2915357776334675,143.55382556424507,38.08346685543236,100,20690,0,1695336.5,878372,1643.572834421688,29470.305906797268,0.2657140241453564,100.73414845774572,29470.305906797268,72057594037862400,11695102133277411472,9488879169060530785,412333638016,2018-11-01 22-51-33.PNG
824,2204,2.674757281553398,219.7879836748718,202.0169148547213,175.613805107219,255.0,213.0,173.0,58.660993529699006,42.0207986682977,45.48252642448037,40.18579666820233,196.24141785456277,0.0085425729130198,0.0,0.0217903170223536,226600,76.84680380332317,104.0,40.9661771756263,80.3531630486494,82.0,34.137171255172994,234.99620669832436,255.0,41.83305522012648,3,1800488.0,600162.6666666666,848745.8084633206,26,8.666666666666666,3.681787005729087,171.92430040409025,25.214214629844932,100,349,0,1790570.5,364403,358.6345760356281,5578.805166687223,0.0912729820593002,48.72143954082569,5578.805166687223,18445896345916212999,2703440295861570764,17787022964875767123,498316869632,2023-10-27_10-06-17.png
2246,1080,0.4808548530721282,197.66414778536327,182.45746842122625,130.02186850697535,196.0,155.0,63.0,60.17891856017528,65.08347248199604,91.9590087878016,68.22509103980256,168.48346484284818,0.0134701463470757,0.0,0.0225829657485513,302400,62.14987591108473,99.0,45.66980857524009,104.23831832723197,171.0,83.2413970056429,210.52022937897823,196.0,52.125061152563326,1266,1496795.5,1182.3029225908372,41610.38514121659,2969,2.345181674565561,2.7711780546540576,137.21850048412483,54.8146311319233,100,24,0,929822.0,881737,297.6606201147719,5598.471099238152,0.0939471950654348,72.40713327665763,5598.471099238152,16777215,9655960405934334760,15453445911860261147,206158430592,2019-09-05 17-40-14.PNG
254,408,1.6062992125984252,184.0761347846225,219.709143893778,202.8273892234059,222.0,253.0,239.0,55.29364860630746,46.19217725973826,50.49261597856143,46.882660092802936,210.50824069785395,0.0211042348531729,0.0100359095859487,0.0236373135590665,12648,39.21708545622974,44.0,21.97686871454452,52.29037362976687,31.0,43.09384384998441,222.49724988420564,253.0,39.68848334670687,1,102971.0,102971.0,0.0,4,4.0,0.0,202.20422263393547,14.553787296140795,100,37,0,58206.0,44663,9516.279633703874,44590.59497066543,0.1213622453094382,50.65948061486905,44590.59497066543,35887507610599166,1146144681014287900,11541168332513556181,418759311360,2022-03-14_17-19-17.png
724,1108,1.5303867403314917,233.31814079422384,231.5231204001037,232.19067754353077,244.0,243.0,241.0,36.79725458712112,37.892874730104445,37.76858388002413,34.85583203671912,232.235965953288,0.0124847571352832,0.0,0.025611058727771,99360,80.46367079202984,100.0,40.617007373062336,15.65559616650378,3.0,44.798292496345205,239.4663235235455,244.0,20.988862502546738,4,799744.5,199936.125,346227.0695721911,25,6.25,2.277608394786075,205.07195402314176,34.010680099015225,100,15595,0,797241.0,259369,1222.8942622215131,19565.72464198097,0.2830067032515396,37.48623773241656,19565.72464198097,17099355381860987105,691708740126749571,13480243332211709480,481036435584,2023-04-11_09-33-54.png
564,1006,1.783687943262411,56.84227965540093,60.41904600764209,61.7553050491378,48.0,48.0,48.0,34.45512574117223,37.826525708136025,42.73487360024474,37.82361744086476,60.418108371050295,0.0057655764329544,0.0,0.0185907307715135,70000,0.5206985040113926,0.0,3.3481580959505908,5.324175514290146,0.0,35.49245232398703,61.7553050491378,48.0,42.73487360045741,172,44912.0,261.1162790697674,411.58030790025776,1472,8.55813953488372,2.239210051546889,134.44499865356275,24.88201355927289,100,113,0,47019.5,57018,686.4345046740832,15404.484948465237,0.7388237542854806,38.338841683184334,15404.484948465237,17330410474101112707,7152799569511962691,18392893569431044032,481036566528,2024-01-12 19-13-51.PNG
220,361,1.6409090909090909,191.12722236212545,215.6427096449257,200.034046839587,185.0,212.0,201.0,60.33956570894541,48.65716402847792,58.09556294470746,51.136706184812,208.15095693779904,0.021443121051161,0.0106142646387514,0.024281171194289,9720,33.64534122387308,37.0,30.51083408072197,44.428808864265925,43.0,47.496894156213095,218.71116847141775,253.0,42.67452256937827,1,78840.0,78840.0,0.0,4,4.0,0.0,202.26799294887937,10.132297060808488,100,29,0,42360.5,36668,9986.53991437925,46999.99992445228,0.1228047826635633,55.6974308940436,46999.99992445228,72057591888404720,561669713727046579,16194782026433768488,487478788096,2022-07-19_14-44-44.png
614,827,1.346905537459283,214.2156828377756,239.7770758087196,244.35341231798148,209.0,238.0,247.0,20.128565657809546,12.811133326642553,13.71685002716024,12.790560688637306,238.07103104112423,0.0061893672611165,0.0,0.0175102090136201,62624,28.23958895422803,23.0,11.900858339511132,33.45116566688592,39.0,16.61820331225236,246.39265387630027,247.0,9.715259836030528,1,506338.0,506338.0,0.0,4,4.0,0.0,232.78205698815887,13.260678735281406,100,13,0,456892.0,30406,243.63311919775964,1142.9007952294112,0.3460855187926302,15.55218300387078,1142.9007952294112,9475997760143540416,505312639317446674,18063733122236200105,541165879296,4enzi.JPG
670,1336,1.9940298507462688,223.9652359460184,223.5457335329341,221.78886629725625,255.0,255.0,255.0,57.123885108545466,58.41816429457004,62.83142434475834,59.41582709167782,223.0731108678166,0.0041862814165391,0.0,0.016743451452174,110888,6.247283045848602,0.0,23.906839113048992,6.809387568147288,0.0,32.71674312584692,224.2965658235767,255.0,56.38549264852995,1,706657.0,706657.0,0.0,4,4.0,0.0,250.682353190288,0.4317779325156348,100,80,0,706657.0,81934,750.4916469300206,13253.354944588436,0.576779270054032,59.45782458262462,13253.354944588436,35604928818740862,12442567125890019552,15360153766899371880,481975861248,2023-05-29_09-08-20.png
1802,1079,0.5987791342952276,144.37027800435928,181.9626046232227,169.7032125771077,152.0,218.0,189.0,106.47591335630166,83.85572613698652,87.37807850895618,84.9287733840206,174.01033605951167,0.0198954652866008,0.0066055123696885,0.0232064706014439,241200,35.02640614537035,35.0,39.865997085015,86.2472600210455,41.0,96.47040362016776,186.72649069770077,221.0,80.72896528890385,511,1461490.0,2860.058708414873,60829.61457417061,2114,4.136986301369863,3.703388980264831,126.18344143042388,35.87314163674596,100,3086,1,1335713.5,363738,1172.753960947521,21689.963393572583,0.1093546456489536,92.56990600074812,21689.963393572583,18446743794792595456,6582938253707253555,12220353976618705484,413390630912,Screenshot_20210429-002748_NYTimes.jpg
868,1499,1.726958525345622,213.4471129754706,198.6016207425534,191.87767267271883,242.0,240.0,241.0,59.995693708867066,74.59012690219718,90.87147936928302,73.9406065412236,198.2540564677527,0.0123267395020563,0.0,0.0230819987432121,161568,56.440554071377846,30.0,57.79114306028752,59.4472590021612,2.0,93.39932504515772,223.85941395646253,247.0,42.053266667475846,112,1037924.0,9267.17857142857,97132.03961413576,663,5.919642857142857,4.864482047118141,148.6072256008987,52.77261391938984,100,9072,0,945480.0,165253,3430.877194627448,19581.17319841492,0.1448324052743598,75.15243332678243,19581.17319841492,18015498021107711,112621517563268604,17606902215394887479,481036337600,1112.JPG
895,1470,1.6424581005586592,229.36363546535927,229.62606620301756,239.6760711435412,255.0,255.0,255.0,64.99722580793711,64.98919247097217,42.511881880893256,56.33982760060013,232.6218720784403,0.0121283007865926,0.0,0.0212131401265154,162504,41.19889636301448,0.0,63.96785699977298,20.55509976057462,0.0,57.52142695988606,241.11948846577735,255.0,39.77372898772285,31,1311911.0,42319.70967741936,231788.38866670185,97,3.129032258064516,2.708909261318325,127.67698255893826,28.14678377488276,100,8324,0,1308028.5,186429,4911.519309846844,32949.30881617451,0.3115968778066201,57.499433386600856,32949.30881617451,9421424591383796655,7383224322275095342,13783009497379197888,489626337282,эскиз.JPG
1712,1079,0.6302570093457944,167.76611748936796,165.42460297696897,179.67141878080258,193.0,187.0,203.0,76.39849374184871,74.17638429135445,68.01083258060703,71.96803394063917,169.9472869912432,0.0222790735271251,0.0137338341729821,0.0238800716307528,229408,75.77558562791785,83.0,73.60341560759139,45.856984552155424,23.0,58.55345094580296,183.5232935696777,205.0,66.47110162880985,775,1434643.5,1851.1529032258063,28565.69813076924,2837,3.6606451612903226,2.934939616330947,135.05768432657007,13.087268574739754,100,12471,0,1345475.0,724550,470.3246873186491,10787.177645881871,0.0322328983387767,72.86190353793673,10787.177645881871,18444758157080594407,15618768365312322693,16847287474602747752,463856533504,34.jpg
2156,1080,0.5009276437847866,130.40517547928263,128.82796631278774,131.5923465093108,99.0,97.0,97.0,96.59105027417732,98.50603457043415,98.79873222760534,97.73954619884276,129.8500966295609,0.0184415167432099,0.0001008809016264,0.0241627805729702,290520,66.81761406582835,83.0,57.40962095102427,55.61706692778122,8.0,78.51358749513713,135.99476697244555,100.0,95.39936682653476,1,2325245.0,2325245.0,0.0,4,4.0,0.0,130.27516276712706,1.132291760611713,100,6688,0,1760013.5,736056,878.9204781660139,18785.796914725484,0.0653199717259114,97.9652723574056,18785.796914725484,18374967411343425791,6144344862275232097,18366107063197618640,1039398862914,2020-10-20 22-01-04.JPG
3200,1440,0.45,179.37333637152778,203.98594661458333,186.03133528645836,210.0,225.0,227.0,65.35208370278842,49.42184337346016,81.8829984730905,59.59186293131081,195.794525390625,0.010817858458039,0.0,0.0231781666591014,576000,35.93169401041666,26.0,26.211556085044368,62.73185069444445,19.0,78.13576979119823,207.64019661458332,227.0,48.91320390600312,84,3929149.5,46775.58928571428,420706.1721523872,669,7.964285714285714,2.509251589102808,162.17510458928462,35.63661732963697,100,29469,0,3922974.0,1611232,688.4285002170138,13151.943772569444,0.1328684561941209,65.55230851644636,13151.943772569444,281474976702463,16179336205619116385,13980403860175151902,482110082048,2023-05-25 08-50-29.JPG
871,1262,1.4489092996555684,200.67351041937692,221.06416018165905,211.9535635852191,233.0,240.0,243.0,73.41142299741422,46.28486930077978,67.54551939771362,53.45848525282204,215.9786718000877,0.0136184257037825,0.0,0.0244502716985065,135648,34.60456585777683,21.0,36.02540666713181,38.58052478070455,10.0,69.05067397129869,225.20528255952956,243.0,43.20636497729117,144,1023743.0,7109.326388888889,83545.52374508994,635,4.409722222222222,4.655363087708096,117.30737521796183,55.26917353209648,100,7221,0,978546.5,160056,3307.5724207197586,22183.54377448367,0.1407919725325951,62.413937231969214,22183.54377448367,13943665588979761151,217036557670529851,16891354377041396373,413390610944,14124124.JPG
2246,1080,0.4808548530721282,182.01222378879325,178.85828880973582,189.4179570264833,200.0,200.0,223.0,77.93238589780458,82.49508590437782,77.80346866279702,79.95062520386934,182.38387668612512,0.0149031437145777,0.0,0.0212401426870938,302400,31.95374657827908,0.0,57.89809947703792,33.013375630750964,0.0,43.07577450024634,194.2194250684344,223.0,73.47282872606567,409,1899939.5,4645.328850855746,92403.6524469235,1784,4.361858190709047,3.077024643175084,127.11979086408066,19.47127880302476,100,14862,1,1634539.0,1389689,456.46287927508985,10045.30304904192,0.1607046656019811,79.41031348832648,10045.30304904192,36310276290641919,11473891084601933362,13491433116776285519,429511409664,2018-10-18 18-39-58.PNG
238,420,1.7647058823529411,178.17587034813926,212.73856542617048,194.1186274509804,140.0,202.0,183.0,59.20670600201404,45.16279553506686,53.10607531393759,47.59395920938799,203.19566826730693,0.0218541741050635,0.0146201560899841,0.0237732403442748,12064,36.433423369347736,44.0,25.0992844311708,52.87052821128452,65.0,43.5864593140498,215.41031412565027,202.0,39.84134275722197,1,99303.0,99303.0,0.0,4,4.0,0.0,195.0110210750967,14.124263934792344,100,35,0,46515.0,45769,8701.07361944778,40740.89103641456,0.0743132439666209,52.4918589503395,40740.89103641456,34619770703708412,14540529750520940745,13922169245727602069,488552529920,2022-03-20_17-57-25.png
449,372,0.8285077951002228,251.04592643149653,251.04860861651937,251.0711736954283,255.0,255.0,255.0,23.67407457519076,23.335777407993803,23.214810717305955,22.75419627153252,251.05455372751877,0.0042986994766718,0.0,0.0131603312763013,20608,2.470466029647724,0.0,15.506732257111706,3.50910625763345,0.0,19.85645000690165,252.42087554182527,255.0,17.88757543261896,1,166208.0,166208.0,0.0,4,4.0,0.0,251.05523624781475,0.0113225499616418,100,0,0,166208.0,15446,2573.715628517374,14066.64544866729,0.8827595644798043,23.408220900163503,14066.64544866729,11497557424358789071,3465550820789467192,13263047643337601054,506856472576,2018-10-20 20-40-52.JPG
994,1022,1.028169014084507,240.2909059050979,239.0184649974209,237.69341883000547,255.0,255.0,255.0,43.87172430966998,45.729712520222414,49.7097375571034,46.33227334811103,238.77023589678973,0.0208656478209039,0.0,0.0285416316919046,125984,28.19430477187981,0.0,48.76738891018262,3.533582118936712,0.0,24.079448337698743,240.4248898478936,255.0,43.80513802694537,2,1013666.5,506833.25,506823.25,9,4.5,0.5,184.02066697562276,54.985383043440486,100,1049,0,1009881.0,237023,1949.4149987990563,28580.51722664756,0.4813980015873548,46.43705812899859,28580.51722664756,426609433640935,6148837687321890060,13208057738611450860,481036337600,2022-12-29_22-26-59.png
376,644,1.7127659574468086,237.2944074600238,234.2951879873133,232.3527198691688,250.0,249.0,248.0,48.806279544854895,51.79667024249741,54.43943270664659,51.996672886221056,234.2011241244879,0.0079684575703965,0.0,0.0200813097784306,30080,89.01217457380731,105.0,38.02589681936934,5.801634564556627,2.0,24.942746396444416,237.2944074600238,250.0,48.80627954473316,11,239003.5,21727.590909090908,68608.27677634098,68,6.181818181818182,1.6414063713879807,209.91897477501087,26.49858285026544,100,21,0,238890.0,35297,3851.5885423549626,62244.052134267215,0.5625417737971713,51.6807941646663,62244.052134267215,12936506040080511923,7169280251122902887,12625590605918882948,481053114752,2023-12-06_17-14-44.png
634,682,1.0757097791798107,56.31357947029057,52.50245612736709,42.99128560459587,44.0,41.0,33.0,31.863159353053188,30.998598314712066,29.97312548278524,30.451079468149583,50.11187637029705,0.0163688865175627,0.0,0.023783210190794,53720,96.10410325910988,98.0,14.395476547992356,65.7241713461058,64.0,29.55881188848473,56.77146220524159,44.0,32.08949551646048,1318,10983.5,8.333459787556905,10.423367090572611,9904,7.514415781487101,3.723691335554325,120.75300100016702,29.669820489801957,100,2079,0,15523.0,83073,4172.031874150069,26402.90865611441,0.2693271175653441,30.94496105018349,26402.90865611441,18158653268978361087,42934555229209218,14995468878686304298,412417523776,2023-05-18 15-33-25.JPG
1103,1080,0.9791477787851316,70.57294415902757,39.36580118196165,33.024637352674524,0.0,0.0,0.0,99.45363222077154,58.499664519974814,53.95213335542307,59.525783109389245,41.02442077163292,0.0067060577840988,0.0,0.0203454319474815,147960,32.109122427050806,0.0,51.77111635869342,47.82252526778819,0.0,83.9290416977967,70.57533998186763,0.0,99.45535989168413,214,58973.5,275.57710280373834,461.97807619727297,2003,9.35981308411215,2.704525795430053,176.33047747180134,39.82094348228016,100,236,1,320066.0,252551,824.3594120412343,17214.99626943353,0.3127364211508521,70.63514336538981,17214.99626943353,4485323549323474944,7521124393199749524,10774745136700732778,3367254360520,Screenshot_20210918-164922_Messenger.jpg
231,603,2.6103896103896105,247.4353126144171,246.66242381167757,245.5735464093673,255.0,255.0,255.0,31.18350997029196,31.37556507558916,37.64884619630409,31.28344554156644,246.4252403207627,0.0100665382177129,0.0,0.0238766282911406,16800,27.16829273545692,0.0,48.93103799830112,10.433840896527464,0.0,39.94513563811289,251.03454588529212,255.0,17.884471069125382,1,138460.0,138460.0,0.0,4,4.0,0.0,246.5570942784873,0.7637032946932181,67,19,0,138460.0,21386,1789.0070857832052,13682.471165098032,0.4303731941974792,33.402640414061736,13682.471165098032,16123946406216917991,1483538150191535894,16441687706911723827,481053147264,33.JPG
1600,738,0.46125,229.42901168699183,231.4872984417344,217.97458248644983,255.0,255.0,255.0,57.90941542070833,53.31245303546618,84.12021717100559,62.08764840799405,227.2142098577236,0.0056800416822212,0.0,0.0169038410856905,147200,26.45723153794038,0.0,44.57007490485027,31.152737127371275,0.0,78.96535432002788,232.52320460704607,255.0,51.56672528219537,55,1051832.5,19124.227272727272,139719.14641954924,412,7.490909090909091,3.212887272858973,154.41613002946823,43.99576563076667,100,541,0,1049420.0,59085,487.4046849593496,13066.255037262872,0.5259310249477621,65.11402854239337,13066.255037262872,17872833157758975,16641347049692911674,9747333340107930673,412316864000,2024-01-15 19-02-13.JPG
312,841,2.6955128205128207,58.89806091649135,58.89799231683893,58.8979313393701,48.0,48.0,48.0,36.03909197498379,36.03864097099476,36.03837346091864,36.03864097093033,58.89799231683893,0.0051147892340221,0.0,0.0171655760584685,32760,0.0745449556388914,0.0,2.853783761620001,0.0010518613372358,0.0,0.03576898702868,58.89845727003872,48.0,36.040746756260766,74,17720.0,239.45945945945945,159.08407085471447,620,8.378378378378379,2.623710508002507,139.7287409776872,29.186571590824062,100,50,0,18687.5,26994,703.8547592914418,16178.92819903046,0.7570101127888219,36.0387021356324,16178.92819903046,9151034069482406144,13030709377426415872,10796373595336097578,481036337152,2024-01-12 19-12-16.JPG
874,1431,1.637299771167048,220.1272997231937,221.10710853334228,230.5688873537412,255.0,255.0,255.0,72.78819732238975,72.32434876712674,57.13428006510989,65.44527058709218,223.82337006493995,0.0140894206888397,0.0,0.0213600841923495,155216,29.85777336422818,0.0,52.12511362003897,22.3638787745044,0.0,57.19435708134411,232.5289151463108,255.0,53.55275060145721,1,1248390.0,1248390.0,0.0,4,4.0,0.0,223.9344318700924,4.708290985024853,100,17396,1,1248390.0,207756,6499.984535785732,29588.843832304305,0.3482083064073848,67.41560871820879,29588.843832304305,4609316552679089151,5495840097591823923,16397191888928859858,489626337281,amp.JPG
726,1164,1.603305785123967,183.221305131919,176.68058987248304,147.4578801132222,226.0,222.0,159.0,73.77185288413644,79.20155664178633,75.24331922337329,76.31564974821917,168.79357303115503,0.0104132118714511,0.0,0.0210817120055388,104400,75.13724759308171,92.0,42.35026548519602,57.06065931101077,76.0,35.40792037577975,183.2554043244062,226.0,73.75994609430983,19,836851.0,44044.78947368421,186400.6665525068,128,6.7368421052631575,2.290532120735678,161.54976902937244,23.23144162743111,100,243,0,836339.0,471097,1081.4708554618348,21902.227608796493,0.1518225787232251,76.07224291643202,21902.227608796493,18446611889774888903,5773382777077239053,12883049819877296950,481153777728,2023-11-01_00-44-14.png
876,815,0.930365296803653,179.51878729304983,165.94229206936157,190.3483612068241,199.0,161.0,185.0,60.963086421186105,68.2373618128821,51.75893004923499,53.23341160399296,174.7913424097263,0.0205473807094806,0.0030673780226665,0.0277674883993378,88072,100.38449169397988,95.0,59.43723887434133,81.07794352466594,70.0,57.24366066302391,212.16537944365072,226.0,47.640792715071015,1,712250.0,712250.0,0.0,4,4.0,0.0,178.60314685641185,9.98475006339018,100,547,0,351067.5,78277,749.1402008572148,21483.78746113119,0.0046658037322831,60.31979276110106,21483.78746113119,9114789250657712383,13903228536742253750,15627074419021093771,489626796034,2021-05-12 08-37-47.JPG
2156,1080,0.5009276437847866,179.802346165739,167.47548185941042,184.3972943722944,160.0,160.0,189.0,70.19958791657531,84.83019935445402,71.22719870090327,75.8444442187422,173.9738090943448,0.0086349485658667,0.0,0.0211232939795659,290520,43.9619056208342,0.0,61.96497500684798,37.51536238232667,0.0,69.37874738149905,188.07374853982,189.0,66.12450501855984,41,1650571.0,40257.82926829269,212089.71290472205,378,9.21951219512195,3.072396340682876,198.8293478228385,24.82926460019678,100,378,0,1287598.0,439845,689.009365337044,12077.95636466708,0.1942554957535486,75.41899532397754,12077.95636466708,18374687579178892543,3842398072471147562,11465567524910799375,412333637639,2021-01-07 12-43-28.JPG
3200,1440,0.45,179.20129058159722,203.88688563368052,187.0569279513889,210.0,225.0,227.0,65.2749874163093,49.450503514760506,81.09939933906648,59.16152223696346,196.0231881510417,0.0113510234500103,0.0,0.0235324412982526,576000,36.01584223090278,26.0,26.06415518367419,62.62884201388889,19.0,77.51865187456974,208.106162109375,227.0,48.70282733045169,64,3947600.5,61681.2578125,481027.1087846735,502,7.84375,2.676394204428787,163.8634659124625,37.76281130445897,100,29940,0,3940731.0,1611064,683.0746430121528,12993.084722222222,0.128864734789967,65.27496342337876,12993.084722222222,281474976702463,6955964168764340577,13998699527502946846,482110082048,2023-05-25 08-50-38.JPG
713,1277,1.7910238429172511,148.07933983598042,181.93781994747945,223.86458004988464,128.0,199.0,255.0,97.62277134076216,86.32204419372847,64.08947264868539,72.39082106417366,190.5470394870516,0.0101986951766319,0.0,0.0217825458089326,113208,43.94807803615812,21.0,60.89290232432736,104.31481459108775,80.0,98.29826929623157,230.25641157999823,255.0,57.58519392512759,1,908512.0,908512.0,0.0,4,4.0,0.0,184.62724661111483,30.99758507157287,100,268,0,908512.0,52318,582.1481525006562,13058.563994987377,0.1419779339403324,82.67809606105868,13058.563994987377,18446673677744373984,2403083179154023753,16903685369087038758,206158659585,2016-10-27 19-10-27.JPEG
1280,720,0.5625,209.90480034722225,191.3656293402778,200.113994140625,241.0,237.0,236.0,61.95478583438052,84.53308659977453,74.35712630350149,77.90918201415474,196.0594227430556,0.01269725643515,0.0,0.0241356515947282,115200,74.83734375,114.0,60.21230924352088,43.92723524305556,5.0,66.93391664528268,213.3352430555556,241.0,58.27730178488312,1,919601.0,919601.0,0.0,4,4.0,0.0,200.46147460937505,7.572572104347121,100,3243,0,919601.0,94540,1562.4085763888888,36839.96491753472,0.1584709933456214,73.61499957921886,36839.96491753472,18446743674294436351,7804561439202169768,12670543488291738169,481051017216,2021-05-11 16-18-20.JPG
978,878,0.8977505112474438,175.52897340581634,185.09648951185767,163.97671669671266,234.0,210.0,203.0,92.53070648211704,73.04608324432772,92.364921701104,78.08810574329021,177.6919274145087,0.0196812774239245,0.0008946810134328,0.0258051778969671,106384,42.00013509044072,22.0,45.82866924445595,67.34577097046177,5.0,84.19789154415824,194.85647222959784,234.0,68.28094809665171,20,824517.0,41225.85,148941.6656981098,75,3.75,2.299456457513384,163.65534378214858,47.55034273306626,100,14041,0,824035.5,219600,4110.032942269799,28649.264104140755,0.0407147680692491,85.98057047584958,28649.264104140755,18438265605898436350,15909469035763980492,16369060297922408998,420957127168,2018-10-15 21-33-07.JPG
826,1217,1.473365617433414,187.0154649328221,187.20952367688577,186.58184994260088,253.0,254.0,254.0,94.64815331972214,94.59331919717803,96.1009006193952,94.58796854706878,187.0028719452629,0.0167684692159597,0.0,0.0240663968850977,125248,30.5917410931895,0.0,49.75156590072433,17.99410390731784,0.0,46.33505573811416,191.3168132648656,255.0,92.52490422631918,222,802220.0,3613.603603603604,53227.23573191113,1383,6.22972972972973,4.420103431071313,138.56976311661313,37.89674500228876,100,14470,3,795784.0,186541,7312.563937837854,47206.377190766005,0.1569398544220893,95.11412437876513,47206.377190766005,4552874375174372636,17138903570342869497,9490574009630997594,506806141056,Снимок (1).JPG
1806,1080,0.5980066445182725,125.61187297485748,120.03155838562816,123.03300828514008,88.0,81.0,77.0,111.67909388388682,108.97528169476756,110.83026178984154,108.55218631499892,121.58599216603092,0.0226076195651209,0.0210869219656641,0.0218083322558553,243000,48.29379434805792,9.0,63.516329265371326,67.82319070177597,51.0,77.38048576309365,135.21928858537385,133.0,108.5594865842584,397,964367.0,2429.1360201511334,35061.83576963583,1320,3.3249370277078087,2.9509350963953382,125.50606996818972,26.31443547785409,100,8324,1,930154.0,345623,1248.7039210860917,21747.844307042367,0.0918307635740988,110.49487912283196,21747.844307042367,18446742974736891929,7449865692205310499,14965664178848571517,1331439894656,Screenshot_20210429-002802_NYTimes.jpg
1010,1079,1.0683168316831684,81.61188118811882,79.99626900595527,224.260931005056,91.0,89.0,255.0,28.691206866293616,28.435193216823347,72.8783847095348,41.27131669351509,123.41086172565356,0.0077310604443019,0.0,0.0193448045813397,135072,19.19471090760605,0.0,54.18006261949074,170.51990199946778,166.0,27.74169918396772,224.2887776544105,255.0,72.79489362903277,1,1087702.0,1087702.0,0.0,4,4.0,0.0,128.6230270663767,67.62942679543588,100,38,1,1087702.0,72149,227.979300599198,7383.9143871755105,0.5715974225105214,43.33492826421726,7383.9143871755105,18411139428358678527,9537228933102768076,13765748208794880742,1835008,2021-01-12 01-33-32.JPG
2246,1080,0.4808548530721282,197.6246953431615,182.40528511592623,129.97738860855512,196.0,155.0,63.0,60.22255201641661,65.11308544522466,91.96342431313435,68.24475713808401,168.43518642195178,0.0134801163198946,0.0,0.0225799451670681,302400,62.14642780581116,99.0,45.67581113341121,104.2547726822994,171.0,83.2448024499171,210.47970589690317,196.0,52.17939682728581,1264,1497211.5,1184.5027689873418,41641.07836183714,2967,2.3473101265822787,2.772852523848208,137.22481209632988,54.83000737414157,100,24,0,930050.0,881615,298.5050571386168,5618.401484119917,0.0938988799228754,72.43302059159187,5618.401484119917,16777215,9655960405925946152,15453445911860261147,206158430592,2019-09-05 17-40-20.PNG
518,413,0.7972972972972973,210.08949021660885,229.34948161582545,219.31408284798115,255.0,255.0,255.0,58.78898608119571,42.71013980143993,52.93067614702832,46.20491531080395,224.12677741733432,0.0144411337551301,0.0,0.0219531498321332,26112,22.66107771555713,0.0,27.7933249996114,32.74381818691746,0.0,45.38023561315231,231.48882365589387,255.0,37.55684009088562,1,212976.5,212976.5,0.0,4,4.0,0.0,219.5843515601385,7.865180695404811,100,35,0,147510.5,69479,6392.363901951069,30005.241102396067,0.2475969074568129,51.47660067655465,30005.241102396067,72057624085855998,14842981381849769188,10748416405354996693,418893529088,2022-03-15_17-47-39.png
847,1080,1.2750885478158205,59.59815689361144,56.91896344396344,24.95174690629236,54.0,46.0,7.0,40.74753955333289,43.46024679591022,43.96211924275869,42.07343437959613,47.74038436311164,0.0130786172424731,0.0,0.0255991525793946,113400,95.1849468713105,100.0,6.433587087101046,172.88122130394856,199.0,64.67425372991823,61.62305522760068,54.0,41.417556419998014,274,51859.5,189.2682481751825,119.670251530239,2507,9.14963503649635,2.705000076570589,133.87392723417187,31.65966955514244,100,448,0,53588.0,333294,1095.0567165158077,22317.274399842583,0.1890505170790407,42.72330186400061,22317.274399842583,35605970314755704,3734828658733662896,13910840221239152112,1099561962496,4.jpg
1280,720,0.5625,185.31708333333333,185.39149956597225,193.0135687934028,242.0,242.0,242.0,83.67944183060911,83.73025438736595,72.1388461078456,79.85639446615883,187.65574869791664,0.0189678617487416,0.002486234072044,0.024529136814476,115200,33.19174696180556,0.0,60.79773938735763,24.535556640625,0.0,62.263244254677794,193.490087890625,242.0,72.30192675639833,2,862221.0,431110.5,430178.5,8,4.0,0.0,201.77482633627943,5.507470349385402,100,3631,1,862209.0,175559,1643.6569618055555,35453.81782986111,0.0844681663398907,79.8495141086069,35453.81782986111,72057594037862656,12959494329714036595,12668673856185518191,489626271751,2019-09-06 20-35-54.JPG
1854,1079,0.581984897518878,179.67113362586517,176.28558745812225,182.372201776986,255.0,255.0,255.0,91.69675024789166,95.7383772408841,94.80253421617104,93.67539841216924,178.48923700777718,0.0166701086708461,0.0003971632866501,0.0226726430707593,247632,30.714633990280262,0.0,51.62257961616432,47.37552900174259,0.0,72.53798821026668,192.4522871171017,255.0,83.08728154507021,909,1429709.0,1572.8371837183718,31927.22076238244,3398,3.738173817381738,3.291768138727035,139.31297756112198,24.66255333528319,100,15592,2,1379246.0,386327,1548.5180872856624,26537.997996466824,0.2329133183452335,94.07922056831562,26537.997996466824,18446462598735003647,6277968225580439128,9762887832753228551,489676603392,Screenshot_20210429-012947_NYTimes.jpg
1280,720,0.5625,173.90411349826388,146.11020941840275,179.37325303819443,180.0,135.0,201.0,81.69452411782036,107.07422675832152,79.1386370792881,93.19089712937212,159.21273871527777,0.0134338882006694,0.0,0.0242580761370232,115200,85.55724500868055,108.0,71.38618890582804,91.44729926215278,25.0,98.38004601087044,187.9241232638889,201.0,74.28163667696353,267,496035.0,1857.808988764045,19509.815406356527,1414,5.295880149812734,4.23805899858928,145.46771221456788,35.97197765706988,100,889,0,479216.5,140810,1575.7860373263889,31071.840611979165,0.0820096847626908,89.30246265181,31071.840611979165,4611684918915825663,15477767522523785644,12899661848330927579,412333637638,2018-10-22 17-50-53.JPG
904,640,0.7079646017699115,242.8671719441372,224.48884817477875,197.36011476769912,255.0,255.0,255.0,42.271316428681,53.86562174607862,100.4181269454496,62.482187332869394,218.49084278207965,0.0082116256371225,0.0,0.02180128375544,72320,21.29024128871681,0.0,42.397885729878006,46.69191613661504,0.0,97.07237243326551,242.98031837665928,255.0,41.99649671649256,1,577017.0,577017.0,0.0,4,4.0,0.0,221.572044962205,18.69231337476381,100,117,0,577017.0,242665,2130.119040376106,38756.96516178097,0.318304962603899,65.51835504006975,38756.96516178097,18141484194121113855,2537754291260311915,16914567338157118818,412316860864,IMG_8131.jpg
1705,1080,0.6334310850439883,127.8523981753014,135.01740414901704,147.29643369175628,82.0,101.0,127.0,98.21232256374068,95.04258031236432,92.24194255882156,94.08362604121464,137.86038937764744,0.0218103280241393,0.0185353587836158,0.0217218888447426,230040,25.02695612034322,12.0,41.667692401705175,68.31825893342022,79.0,63.28603574613977,149.11155153687412,127.0,90.15949411338195,592,815119.0,1376.8902027027027,28896.632240192583,1620,2.7364864864864864,3.01429362099998,129.94856834942934,31.699744926757745,100,3537,1,759980.0,271070,875.6946269143043,15531.680755946563,0.0934778678929229,95.1656151449755,15531.680755946563,18446742974332141568,6802491192062391113,11215272848525157260,816043786240,Screenshot_20210429-012919_NYTimes.jpg
1226,720,0.5872756933115824,52.24383156606852,34.006516222584736,26.087352727931847,0.0,0.0,0.0,88.39522159401004,59.20877782197133,52.057925182560005,57.61804260980247,33.7201354903027,0.0090587462018038,0.0,0.0209804550504979,110160,21.01016177270256,0.0,43.84790726382098,38.129469140837415,0.0,82.99792106711348,52.25940841943085,0.0,88.38738918700727,360,38346.5,106.51805555555556,163.18428686473604,3227,8.963888888888889,2.4678660122301994,166.47677958047805,41.19190464754502,100,1493,0,169924.0,157484,1602.2176635852818,27771.1037565706,0.3601403020193396,66.55397486618047,27771.1037565706,144117440758955839,15763525552965774440,10766327048562375557,3917010174408,Screenshot_20210831-234506_Messenger.jpg
1136,640,0.5633802816901409,209.15564755721832,215.77915382922532,218.0412645796655,255.0,255.0,254.0,72.3513968159158,67.40321577646642,65.81270812632349,67.05826177811848,215.7037687059859,0.0181311054304772,0.0008781887132371,0.024498576862611,90880,33.62097133582746,16.0,45.87808892393699,21.18857009242958,1.0,35.74928860022747,220.0888231734155,255.0,63.9387069122127,148,686213.0,4636.574324324324,55491.77181544529,637,4.304054054054054,3.2061149002858453,131.58675725602882,17.804326553966494,100,11231,0,632877.5,185340,3696.5543120048414,61737.49574163732,0.2064988619508448,68.52244023956857,61737.49574163732,13835058052044162047,7935152565529652953,12031913990723879881,532575944704,2019-09-07 11-01-13.JPG
2246,1080,0.4808548530721282,217.04656508690343,209.2733542759144,204.90646210547143,255.0,255.0,255.0,67.84081160699625,70.62892264719228,87.88467270657124,71.46237960578277,208.82265302925364,0.0072646812493934,0.0,0.0192089475256392,302400,28.141232149335444,0.0,46.88678458936178,46.09304731044491,0.0,78.9611940295361,230.7588329870387,255.0,55.447131699933166,29,2003332.5,69080.43103448275,335767.6758605652,238,8.206896551724139,2.9051596234242134,190.84200108070127,45.53151086756438,100,148,0,2002495.0,226087,479.5070627617823,9358.623742620626,0.3277111305231794,75.45146898691992,9358.623742620626,37154696925741056,8603913491298967788,13776317166548734041,420906795456,2018-10-15 07-22-42.PNG
713,1080,1.514726507713885,55.60659186535764,52.286809776115525,21.79754817931536,54.0,46.0,7.0,36.26410857609108,39.024617618199855,38.2151366404448,37.14865267856443,43.62753233598254,0.0132921935527318,0.0,0.0255805026720319,96120,95.74945327515454,100.0,6.211348802187013,175.09360422835178,199.0,60.8979680594237,57.393863955119215,54.0,37.06885775233839,185,31795.5,171.86756756756756,113.34619309300984,1729,9.345945945945946,2.903734277415018,130.86034844457535,32.70148238180424,100,195,0,33221.0,262507,818.77879720534,16690.417193912006,0.1837480426760523,37.83462094491191,16690.417193912006,4484736665719410718,7559438041287664688,9554138564627430528,1649317776384,5.jpg
897,1337,1.4905239687848384,191.1379067097255,190.98449581376968,190.5322195067244,230.0,230.0,231.0,79.0821991638927,78.54619524870925,85.0946996538352,78.73786514783274,190.855174190708,0.0178217204145583,0.0,0.023941004029435,149632,38.797567558778574,0.0,51.41383278691959,46.125770352267054,1.0,82.66795000325533,203.3096526358534,231.0,67.15391534528686,609,1106727.5,1817.2865353037769,43777.05145279964,2373,3.896551724137931,3.593115739888018,137.75840746873175,24.887202068074803,100,19674,2,960812.0,222701,6318.145059280957,37922.79886832948,0.0528093219183131,80.90769802214572,37922.79886832948,14449942315058985471,1743784776419193658,16823920753511642669,420906827968,7.JPG
3200,1440,0.45,200.258623046875,200.2558305121528,200.27278081597223,255.0,255.0,255.0,95.335194932996,95.34828576009704,95.35664226670048,95.34524952481216,200.261302734375,0.0081856926354376,0.0,0.0221670893839234,576000,0.2935457899305556,0.0,5.630809377518599,0.1676742621527777,0.0,3.944509101508278,200.300671875,255.0,95.3151071254539,39,4421990.5,113384.3717948718,696389.8111702157,297,7.615384615384615,2.487047313432234,188.6202650816652,24.660491729274312,100,26158,0,4421684.5,907063,1495.7641202256943,44612.23334288195,0.4531252933922821,95.3467076532645,44612.23334288195,18411137491336691711,11100543024738302813,13797504875875669095,979252772864,2023-05-09 09-51-16.JPG
2246,1080,0.4808548530721282,238.00384222156265,238.91745531150028,238.2899619900399,255.0,255.0,255.0,58.50025890928291,56.730392197937256,57.406110954335375,56.84274605403629,238.6229420203819,0.0036173100872518,0.0,0.0163089707677534,302400,1.752266580917516,0.0,12.20073079123885,2.697750733814848,0.0,18.15933369021443,239.60291794465883,255.0,56.46163843808284,10,2328109.5,232810.95,697478.069270513,71,7.1,3.1128764832546763,160.45270959224575,42.54427240964895,100,609,0,2328092.0,130527,733.1317519211108,13473.538780053428,0.7333565464266069,57.54558735385185,13473.538780053428,71986950415826943,13420836255857589550,13767245063408871477,501454209024,2018-10-30 21-30-09.PNG
357,489,1.369747899159664,231.931656098022,226.5255337308748,221.98928242053464,255.0,255.0,255.0,58.08501817141752,61.35944321019924,67.44414354251292,60.26873358515368,225.80344612282545,0.0138269958544259,0.0,0.0256662871779528,21472,21.09056383289512,0.0,41.110484648609074,32.166652346009975,0.0,70.08278673932016,238.3593052763028,255.0,45.24205982140786,30,163212.0,5440.4,13081.056814085528,122,4.066666666666666,1.2892719737209146,221.77770766496127,34.05051136383319,100,2897,0,162796.5,16355,14308.77262234137,95258.80002062174,0.4013293993649096,62.29620164137655,95258.80002062174,4539628557651877695,7703801313351315556,11485241949034391392,489626337472,2023-11-12_16-19-52.png
774,640,0.8268733850129198,73.23250565245478,67.03111474483204,64.56759932170543,64.0,57.0,54.0,38.19244387682227,39.264791148474686,39.778017779018825,39.21059836079643,67.08485343992248,0.0102030630103658,0.0,0.0217271576468494,61440,107.50871689276484,111.0,19.410065083228357,39.32770914082688,40.0,17.735985003688405,73.88432049418604,64.0,38.63659711233042,363,27544.5,75.8801652892562,154.56173744159457,2992,8.242424242424242,3.019982425042665,141.98584612083218,33.99983009293976,100,226,2,26955.5,229458,2017.0566335594317,31730.93821866925,0.6412187631010489,39.0784176014386,31730.93821866925,3476480928306494526,13890227360109961426,14341439265298720615,532575977472,12312.jpg
1044,1114,1.067049808429119,206.87171457658363,222.5740540112948,219.70654659953087,236.0,237.0,239.0,62.20679604929616,38.93856230329601,51.15165094879646,40.65265090501583,219.94368005255305,0.0171888232634011,0.0,0.0266511897267859,144560,37.97010875172826,21.0,45.93616297193645,41.977002895918886,3.0,65.39967007004539,231.97983690680093,240.0,36.83219017886501,39,1139166.0,29209.384615384617,59181.18118621544,182,4.666666666666667,1.638218753329568,196.5893030684717,24.07400453841405,100,19682,0,1139116.0,286425,4483.64974772488,26963.74557529733,0.0369776600110021,50.765669767129545,26963.74557529733,71856387688283279,10552667968134920475,11026112949939495414,463890022400,2018-10-15 21-24-45.JPG
1600,738,0.46125,43.50657350948509,43.62175135501355,43.66960958672087,18.0,18.0,18.0,66.36711431556883,66.50905797018153,66.60857978454268,66.50632964792916,43.62293783875339,0.0131807791145794,0.0,0.0242799164624066,147200,0.1542665989159891,0.0,3.802100482183701,0.3144791666666666,0.0,7.168673809598332,43.67373560298103,18.0,66.60814918225074,799,115348.0,144.36545682102627,105.56834849288263,7021,8.787234042553191,2.518971765917477,140.86705207988288,36.38697897151619,100,7790,0,117110.0,140660,2844.6828489159893,80617.2626998645,0.2636320856684287,66.49491735676435,80617.2626998645,14285696190149228544,3211238713153847440,15038130094178186986,3393024360448,2024-01-06 16-18-56.JPG
1280,720,0.5625,150.3346755642361,149.01080186631944,215.56024522569444,136.0,212.0,234.0,91.30065345563683,108.03761796763466,61.82139831617592,79.94792007159037,169.04372829861111,0.0127883744625662,0.0,0.0237828539964142,115200,82.32945855034723,88.0,74.29328428370286,109.18035047743057,31.0,111.78582069235472,222.4872406684028,235.0,53.033444063119134,107,561484.5,5247.518691588785,27973.41399026366,885,8.271028037383177,3.2998728195768585,150.09757781896087,69.59725518875653,100,1815,1,501048.0,109650,974.4587239583332,22560.6512890625,0.1192801856711808,87.05322324648249,22560.6512890625,18446462598732905983,4136486513955498412,13895502786291455470,206158462983,2021-05-08 15-01-27.JPG
1385,1002,0.7234657039711191,39.609015182631126,45.279037592684666,60.40352868270679,17.0,17.0,17.0,51.70372143812801,56.814869456736425,77.60125388240645,61.41003099116841,49.11454131448295,0.0181376247648611,0.0006067240516659,0.0230113814638843,173000,8.48191775294177,0.0,22.37646643531668,81.89832104743581,14.0,98.03781255425284,60.4206194109975,17.0,77.58955353802705,590,175882.0,298.1050847457627,3938.988166768243,3713,6.293220338983051,4.116579310864443,128.48953430629876,31.421467548948687,100,3063,0,376357.0,248939,1525.1826858917543,27492.356482702464,0.1410733231193195,62.039948259090295,27492.356482702464,17311413922393227264,14044168540953168589,9765911173404107442,3977139716096,212e.jpg
892,1415,1.586322869955157,194.25001426104043,196.4289253513762,199.25035890285065,242.0,247.0,250.0,91.01225147175462,91.21692206047834,89.28319543234082,90.08708690791882,197.02364797414,0.0140809950165692,0.0,0.0238556273240389,156288,24.881978798586573,0.0,47.86199705989507,15.90468712861874,0.0,42.43433962577884,200.90074870462217,252.0,88.13269855744736,4,1250756.0,312689.0,541572.4504509992,28,7.0,1.224744871391589,121.40047184596924,45.151567917125256,100,12275,1,1250748.0,186378,4003.71013088466,33547.9885024323,0.146427974853795,90.50412298819124,33547.9885024323,18014336678193135071,5988958047955658023,13434466151603003956,429513539585,6.JPG
620,1079,1.7403225806451612,50.51443690394332,51.62659421806332,21.33677090495979,54.0,46.0,5.0,50.89523372828817,51.71512219745421,46.17241041839244,48.306395062309065,42.46759843343597,0.0091662696691419,0.0,0.0227694106784976,82544,63.3866288977249,87.0,42.4217186146879,123.67740889114772,99.0,104.2044985037434,53.10021226344584,54.0,51.928948527699575,218,40406.5,185.35091743119267,119.16590672187408,1986,9.110091743119266,2.837622242579727,133.84268225093027,33.07192380308489,100,258,0,42236.0,196377,1157.1794044665012,23856.61322012616,0.2424280419203856,49.59425544804494,23856.61322012616,2162005311433375614,3796680466791320258,9619140204397130435,1099545185792,2.jpg
3200,1440,0.45,228.40884678819444,222.10608506944445,217.6287664930556,255.0,255.0,255.0,56.35583931733582,70.27076983301212,80.87548387096112,71.69438450746138,221.4863046875,0.0026797173425741,0.0,0.0127150808636648,576000,14.177625868055555,0.0,36.41046410763873,25.786372178819445,0.0,68.3736755857884,228.4633131510417,255.0,56.257191392110656,55,4148855.5,75433.73636363636,550964.1510855547,431,7.836363636363636,2.6268794924336736,170.98439238771758,37.827590555544,100,2189,0,4147731.5,447882,705.7543068576389,14687.313411458334,0.5808587295001283,69.16736434043635,14687.313411458334,17943751661977599,15305605776685203534,11458670514104516448,412316860864,2023-05-08 12-34-35.JPG
1136,640,0.5633802816901409,180.7298759352993,186.0815085827465,172.71097326144366,209.0,205.0,247.0,83.28461838091762,71.47728785477508,95.88282156136012,75.12368606360812,181.4742462588028,0.0157754032528039,0.0,0.0236621100931538,90880,46.0001045334507,24.0,49.029657892872,88.00871341329226,41.0,97.65094460096016,208.69615564480637,247.0,57.82977846165658,260,542664.5,2087.1711538461536,24565.753009261745,1077,4.142307692307693,3.1657631328034874,131.98181739652048,27.969310859222144,100,5381,0,484163.5,92272,928.5528457856514,17203.685508362676,0.0575175633856802,83.54824259901761,17203.685508362676,18446462598732906495,14744433180416102348,12869571459959452850,412350480512,2018-10-19 14-40-29.JPG
3200,1440,0.45,216.8032154947917,206.9433500434028,199.9523029513889,255.0,255.0,255.0,70.1775260182313,85.78856804467932,98.14060241750911,87.38836603447923,205.98718077256945,0.0035740520843374,0.0,0.0149502800485072,576000,22.156173394097223,0.0,43.68891213662469,39.33978190104167,0.0,81.53659848595996,217.03107443576388,255.0,69.87174434533839,199,3752888.0,18858.73366834171,261072.98825005043,1801,9.050251256281408,2.802993273922397,173.92718929827154,31.46288371148525,100,4825,0,3750722.0,602261,1183.461443359375,24323.36597395833,0.4876531636886944,84.70223216013991,24323.36597395833,281474976710655,14034299311271958560,9466949258829960119,412316860864,2023-05-10 22-57-49.JPG
499,573,1.148296593186373,201.16921102239385,218.38318521860475,205.21258922732025,255.0,255.0,255.0,65.87626853058144,52.8478919584848,63.94478630854789,55.94240875909261,212.48490348935215,0.0202273467392142,0.0046301485634042,0.0237724104925203,35216,25.611537210546743,0.0,32.90520903850292,38.998978760312944,0.0,53.04995822849094,222.23499004990785,255.0,45.54149207141874,1,284848.0,284848.0,0.0,4,4.0,0.0,208.25499515610628,7.349485346316805,100,288,0,178867.0,97287,12398.085000716968,59490.24236955587,0.2491739600895403,60.88964893253805,59490.24236955587,18229723555195059204,5307942314119865833,15191245089572005331,483318038528,2022-02-08_20-47-16.png
3200,1440,0.45,228.63598372395836,222.44025455729167,217.99187999131945,255.0,255.0,255.0,56.40771316833538,70.12558515686615,80.68255303713151,71.5578803470666,221.81644357638888,0.0026388800671407,0.0,0.012683987304869,576000,14.025665147569445,0.0,36.23048915699894,25.47936024305556,0.0,68.10763931602561,228.6806616753472,255.0,56.32361014450128,57,4150148.0,72809.61403508772,541386.7308457037,452,7.929824561403507,2.5468222313293145,169.44087519429877,37.985377477580585,100,2152,0,4148093.0,442079,724.3917808159722,15085.514137152775,0.5843720366441356,69.07195045411102,15085.514137152775,8936552407236607,15307822391587643462,11461485203742357344,412316860864,2023-05-11 12-05-49.JPG
1106,1820,1.6455696202531649,242.68589909186653,244.22797925401903,244.5361862369096,255.0,255.0,255.0,48.9891012194662,44.210302949623866,43.739777672193945,44.01744043434008,244.14379856129403,0.0043840564690307,0.0,0.0145936749870508,250608,2.515122806668918,0.0,16.438499719244906,4.8554815889354765,0.0,30.248850244406302,245.30870476720384,255.0,41.60433977971275,1,2009995.0,2009995.0,0.0,4,4.0,0.0,243.81668819426503,0.809428144495874,100,2504,0,2009995.0,312894,1668.4123651213165,30955.44151580788,0.8224879805919032,45.64639394709467,30955.44151580788,18427953307906433527,15017650214794938279,12619026648589704463,482110148608,2023-11-24_15-39-39.png
1673,1080,0.6455469216975493,58.92287031502513,55.90709968785283,25.00147384383786,54.0,46.0,7.0,39.06342387494118,41.629405389882855,42.33769721450652,40.278592819268745,47.07721989772199,0.0137775047675007,0.0,0.0255207947652077,225720,95.59402382059284,100.0,6.381914440165663,169.4087550640898,199.0,65.27431618538758,60.81591563171061,54.0,39.70408986497248,512,93216.5,182.0634765625,117.66600795368755,4689,9.158203125,2.781841772322832,132.72362551695286,32.04773230518793,100,5280,0,96349.5,656394,1013.78616313564,20659.16185163047,0.1782974109014072,41.01017549311019,20659.16185163047,8970075887187033727,14177587627458610370,14157770734777286223,1099561962496,3.jpg
700,1000,1.4285714285714286,249.52294571428573,191.8040757142857,161.53298142857142,255.0,255.0,255.0,31.05770236752632,85.58963704443148,121.00553773983762,86.2086232473073,189.34518,0.0059176528383653,0.0,0.0171180419864007,87000,39.78734857142857,0.0,52.75038918690483,88.62373,0.0,120.55223537431502,249.58549285714287,255.0,31.0556952605192,21,455322.0,21682.0,96756.81024351723,151,7.190476190476191,3.095604373932382,158.8377450110072,59.71379374689408,100,204,0,454743.5,39894,1892.6763457142856,27347.06374857143,0.3487434532924499,79.21762571726514,27347.06374857143,17363906526833342704,369832592671236,15441274863098835589,481036337600,2021-04-30 10-27-23.JPG
1442,1080,0.7489597780859917,44.35055992191914,44.35532182668105,20.67942158524683,54.0,46.0,5.0,49.418563767112815,49.99700987360319,43.41317974832994,46.43385245351944,37.29275825756408,0.0079359542559988,0.0,0.0215520246142116,194400,57.8178089844352,87.0,45.58789123172684,100.99633225458469,99.0,100.16661148254823,46.25579698977757,54.0,50.46793841637131,431,79154.0,183.65197215777263,117.7594907857728,3993,9.264501160092808,2.765316707232276,133.00483076200845,31.668360528309595,100,1690,0,83341.0,396142,998.374244875944,20350.09560538347,0.2489802752108778,47.60958446301532,20350.09560538347,1765266460570975856,15043857603579662530,13875987510555868794,1649317776384,1.jpg
804,1632,2.029850746268657,242.8062178385036,242.7405900948688,242.6912290569213,255.0,255.0,255.0,46.634252189817865,46.73163801600611,46.91266505693102,46.75257956074018,242.73329812335385,0.008324395283678,0.0,0.0233041175104383,163200,0.0600185347770949,0.0,2.533452386888758,0.1262071992976295,0.0,5.3273531499997455,242.8062178385036,255.0,46.6342521891953,2,1308779.0,654389.5,651974.5,8,4.0,0.0,248.8730061650489,6.127084353263889,100,6021,0,1308779.0,114271,2966.825890461906,48536.55786325724,0.7015007531691393,46.75951842091833,48536.55786325724,10417832625083489279,2531923710489863123,12411572469480211345,481036337600,2023-08-16_13-42-42.png
705,1280,1.8156028368794328,160.63261857269504,208.8157147606383,235.6101983599291,138.0,197.0,241.0,89.98640057400526,56.54848319240661,36.03871513872162,49.85415295718313,211.3733798758865,0.0084822921189671,0.0,0.0215098651562158,112640,23.12548093971631,22.0,38.45851464247415,87.64531028368795,30.0,88.57777565592822,235.92277814716311,241.0,35.941740280142696,62,862274.0,13907.645161290322,108500.30034968044,278,4.483870967741935,3.088699149312471,130.2784197765829,17.837503594719312,100,47,0,848633.0,39377,481.5337211879433,10517.354627659575,0.2514027626019841,60.85786630171116,10517.354627659575,18446743530421483808,2972737825803669827,17262791861609178772,412317057024,2016-10-27 19-10-21.JPEG
891,1521,1.707070707070707,135.26575566461605,143.49777562313176,187.82967227981476,111.0,142.0,191.0,95.41250711061429,97.2342955186282,77.8087192858475,80.01289762841276,155.85740670640956,0.0183592406699465,0.0034663531022298,0.0224652604166972,168720,88.39823171447102,60.0,68.60344565384537,119.90437577617064,123.0,103.84545078761067,205.39203046610453,196.0,47.104339390996586,1380,908849.0,658.586231884058,23540.72451059028,5823,4.219565217391304,3.287710068136104,142.84570237243872,65.73671032783464,100,22680,6,855128.5,276991,5282.627778257408,34157.101043306175,0.1045886422601142,90.15184063836334,34157.101043306175,139081753198198,3742734028019123396,14284147237668901266,206158430726,preview3.JPG
1162,2036,1.7521514629948365,222.0936207642808,227.3872506585421,217.63475766664752,255.0,255.0,255.0,48.33227093165265,43.8562639058425,56.49943031374356,46.17608083476257,223.85520992192176,0.0210964127508657,0.0,0.0283714886410877,294640,42.99689200247524,30.0,49.6209175793186,26.66345877475662,1.0,41.834253961502384,231.683220532988,255.0,35.481388235083095,1,2362635.0,2362635.0,0.0,4,4.0,0.0,222.3718763631568,3.986297323161574,100,284,0,2362635.0,429566,58.12645445661399,2885.4630345688115,0.2244654911983729,49.5626550504129,2885.4630345688115,18439959974315917699,1066589542085656431,13457473932891245432,416343392256,2023-11-23_15-20-26.png
849,1270,1.4958775029446407,219.1691976665461,205.0673464845163,176.41972770188178,242.0,237.0,236.0,53.95741977057302,58.181050640724905,98.14917474256632,64.88530430068133,198.1383814214036,0.0194468427999495,0.004330201893527,0.0237350086597928,133984,94.64775789952051,102.0,35.07236990292091,73.48758242675495,12.0,98.9654522199104,226.86925609563824,245.0,40.85406005419676,135,893111.5,6615.6407407407405,73871.62188111791,762,5.644444444444445,4.0596782698042695,141.82865227322134,71.13749494498254,100,19065,6,840490.0,231840,9058.020805394026,40337.6326943231,0.0513698656977744,70.09588171795475,40337.6326943231,281449206774271,17135192296038011807,16939186409039369631,481036337600,child.JPG
752,360,0.4787234042553192,244.79886598699764,245.23467420212765,243.71510047281325,255.0,255.0,255.0,39.43997299193067,38.27935037931344,41.92975656188924,39.10400735806159,244.731172429078,0.010526901154554,0.0,0.0203906865058102,33840,7.668014923167848,0.0,26.86059772987929,3.4623374704491727,0.0,20.54786996454784,246.08666888297876,255.0,36.864589401130495,1,269609.0,269609.0,0.0,4,4.0,0.0,244.5828802206462,0.6388862539114146,100,549,0,269609.0,59293,6325.646269208038,42401.765218676126,0.5732401901332128,39.883026644377786,42401.765218676126,14394497884664858503,10814882650128932374,13794772605700644494,481220887040,2018-10-17 15-35-43.JPG
849,1270,1.4958775029446407,219.1691976665461,205.0673464845163,176.41972770188178,242.0,237.0,236.0,53.95741977057302,58.181050640724905,98.14917474256632,64.88530430068133,198.1383814214036,0.0194468427999495,0.004330201893527,0.0237350086597928,133984,94.64775789952051,102.0,35.07236990292091,73.48758242675495,12.0,98.9654522199104,226.86925609563824,245.0,40.85406005419676,135,893111.5,6615.6407407407405,73871.62188111791,762,5.644444444444445,4.0596782698042695,141.82865227322134,71.13749494498254,100,19065,6,840490.0,231840,9058.020805394026,40337.6326943231,0.0513698656977744,70.09588171795475,40337.6326943231,281449206774271,17135192296038011807,16939186409039369631,481036337600,preview2.JPG
1280,720,0.5625,186.83734483506944,208.836015625,205.308017578125,241.0,237.0,235.0,89.0637951935628,65.03667259209926,69.48126521314163,61.849082932979975,205.24378255208333,0.0140595220490644,0.0,0.0230861906766542,115200,59.22329644097222,83.0,51.41607067862449,62.60253038194445,9.0,89.4750075775932,222.9932888454861,244.0,52.85950436902738,207,831711.0,4017.927536231884,56779.592657845686,587,2.835748792270532,3.447617295904562,149.0586751039348,42.610557279336334,100,7107,1,829558.0,110283,1580.0036393229166,33432.008897569445,0.0912827141766783,74.52724433293456,33432.008897569445,72057060505784831,11267010501247447980,12615229538099354834,481069989888,2021-01-07 14-13-43.JPG
1056,2048,1.9393939393939397,236.52386382131863,236.52900834517047,236.508144494259,255.0,255.0,255.0,61.97392962209248,61.94278987808002,61.96785638362756,61.950678940496296,236.5221492882931,0.0073891810498151,0.0,0.0189901032225478,270336,0.0745581424597537,0.0,2.777909643074384,0.0462443033854166,0.0,2.2380223899056024,236.5412273984967,255.0,61.9415075230422,12,2158386.0,179865.5,596499.9438772675,52,4.333333333333333,1.5456030825826172,205.65690324057636,21.82925598879001,100,11125,0,2158372.0,202210,4155.322385845762,75427.8344227184,0.6966377226613414,61.961525294600015,75427.8344227184,216457562053140255,14937163533324400816,12209149535229743556,482110078976,2023-11-09_09-18-43.png
1718,1080,0.6286379511059371,73.54877549260553,67.30963059974992,64.80299389902126,64.0,57.0,54.0,39.07540432810435,39.94508340519035,40.35040292109585,39.88080406571218,67.35409175182167,0.0081217905889241,0.0,0.0199183301148697,231120,108.47804941146036,111.0,17.018688320921733,39.46975973354029,40.0,19.1399184781965,74.13906027680765,64.0,39.419491707129374,819,106465.0,129.993894993895,265.64806482661095,6417,7.835164835164835,3.486367529444213,147.3001488410676,25.661574620567716,100,5846,4,102261.0,456904,1262.0023864959255,24409.29930798085,0.6838322640337133,39.79029688479685,24409.29930798085,9149197850603221088,13853285770860708040,13949622764621989123,532575944704,23123123.jpg
880,1028,1.1681818181818182,230.98084541917223,230.75152215245845,230.522531614786,255.0,255.0,255.0,68.76202681345377,68.89408969867851,69.32960439011885,68.92851113048503,230.70902237354085,0.0105994168566325,0.0,0.0225770386433267,112640,1.6472121506897772,0.0,13.015143793022304,1.0141758047400071,0.0,13.365462252992195,231.1681398125221,255.0,68.52163581509383,2,902535.5,451267.75,451216.75,11,5.5,1.5,215.70081653106945,15.05139802643804,100,1029,0,902530.0,201666,3746.360141050584,73097.12065794128,0.4986169189451523,68.99524030075038,73097.12065794128,13807772433010200323,6933599607089487159,13518843247083035930,481053147520,0.jpg
856,1518,1.7733644859813085,195.0428918399764,191.93301488062252,189.16136656077228,238.0,238.0,238.0,81.54326516373364,84.42671810116309,87.97960045121688,84.84084059923232,191.45932763227563,0.0140039307339169,0.0,0.0252970933443648,161784,18.888422266139656,0.0,41.29515230767124,13.58826865772721,0.0,44.78696905632041,195.82571601837145,238.0,81.29007128990166,131,1224772.0,9349.404580152672,92170.2560435732,702,5.358778625954199,5.171957124046783,155.2586077485591,35.08863333485224,100,12575,0,1213119.5,177881,3190.914917408543,32536.201347074977,0.0847367072207133,84.64986123870453,32536.201347074977,16105296410563313663,3687092496829526823,13270585901980968636,412367192256,2131.JPG
1074,992,0.9236499068901304,224.7106629572896,225.80679608187663,217.534325816964,244.0,243.0,242.0,43.82324773494043,37.99482890509619,54.25429275879985,40.50691289570398,223.33344878206285,0.015816665607004,0.0,0.024821190819461,132928,84.2426056496666,105.0,38.40214153312692,26.254549430828376,2.0,55.78506433714144,234.0826575358924,244.0,29.84941562329552,13,1062191.5,81707.03846153847,282922.5567936094,72,5.538461538461538,1.9060787220559796,192.2158615813576,33.372403335290834,100,23360,0,1059778.5,524745,1810.1118379062293,28069.239172223224,0.18181323835681,45.357456466278826,28069.239172223224,4021682551086367619,4906476434807983926,16539241907242567522,489659826304,2023-06-25_20-04-46.png
